right,K,expiry_iso,T,close,conId,symbol,last_trade_ts_utc
C,250.0,2025-10-31T16:00:00-04:00,0.0210045662100456,38.08,813802288,MSTR  251031C00250000,
C,260.0,2025-10-31T16:00:00-04:00,0.0210045662100456,29.43,813545001,MSTR  251031C00260000,
C,270.0,2025-10-31T16:00:00-04:00,0.0210045662100456,21.52,813545075,MSTR  251031C00270000,
C,280.0,2025-10-31T16:00:00-04:00,0.0210045662100456,14.84,813545165,MSTR  251031C00280000,
C,290.0,2025-10-31T16:00:00-04:00,0.0210045662100456,9.43,813545246,MSTR  251031C00290000,
C,300.0,2025-10-31T16:00:00-04:00,0.0210045662100456,5.7,813545335,MSTR  251031C00300000,
C,310.0,2025-10-31T16:00:00-04:00,0.0210045662100456,3.33,813545451,MSTR  251031C00310000,
C,320.0,2025-10-31T16:00:00-04:00,0.0210045662100456,1.95,813545550,MSTR  251031C00320000,
C,330.0,2025-10-31T16:00:00-04:00,0.0210045662100456,1.26,813545642,MSTR  251031C00330000,
C,340.0,2025-10-31T16:00:00-04:00,0.0210045662100456,0.86,813545739,MSTR  251031C00340000,
C,350.0,2025-10-31T16:00:00-04:00,0.0210045662100456,0.65,813545859,MSTR  251031C00350000,
C,360.0,2025-10-31T16:00:00-04:00,0.0210045662100456,0.51,813545952,MSTR  251031C00360000,
C,370.0,2025-10-31T16:00:00-04:00,0.0210045662100456,0.44,813546031,MSTR  251031C00370000,
C,380.0,2025-10-31T16:00:00-04:00,0.0210045662100456,0.39,813546132,MSTR  251031C00380000,
C,390.0,2025-10-31T16:00:00-04:00,0.0210045662100456,0.34,813546249,MSTR  251031C00390000,
C,400.0,2025-10-31T16:00:00-04:00,0.0210045662100456,0.31,813802418,MSTR  251031C00400000,
C,410.0,2025-10-31T16:00:00-04:00,0.0210045662100456,0.28,813802492,MSTR  251031C00410000,
C,420.0,2025-10-31T16:00:00-04:00,0.0210045662100456,0.26,813802560,MSTR  251031C00420000,
C,430.0,2025-10-31T16:00:00-04:00,0.0210045662100456,0.24,813802633,MSTR  251031C00430000,
C,440.0,2025-10-31T16:00:00-04:00,0.0210045662100456,0.23,813802701,MSTR  251031C00440000,
C,450.0,2025-10-31T16:00:00-04:00,0.0210045662100456,0.22,813802786,MSTR  251031C00450000,
C,460.0,2025-10-31T16:00:00-04:00,0.0210045662100456,0.21,813802871,MSTR  251031C00460000,
C,470.0,2025-10-31T16:00:00-04:00,0.0210045662100456,0.2,813802953,MSTR  251031C00470000,
C,480.0,2025-10-31T16:00:00-04:00,0.0210045662100456,0.19,813803026,MSTR  251031C00480000,
C,490.0,2025-10-31T16:00:00-04:00,0.0210045662100456,0.18,813803097,MSTR  251031C00490000,
C,500.0,2025-10-31T16:00:00-04:00,0.0210045662100456,0.17,813803186,MSTR  251031C00500000,
C,510.0,2025-10-31T16:00:00-04:00,0.0210045662100456,0.15,813803289,MSTR  251031C00510000,
C,520.0,2025-10-31T16:00:00-04:00,0.0210045662100456,0.14,813803392,MSTR  251031C00520000,
C,530.0,2025-10-31T16:00:00-04:00,0.0210045662100456,0.13,813803457,MSTR  251031C00530000,
C,540.0,2025-10-31T16:00:00-04:00,0.0210045662100456,0.12,813803511,MSTR  251031C00540000,
C,550.0,2025-10-31T16:00:00-04:00,0.0210045662100456,0.11,813803569,MSTR  251031C00550000,
C,560.0,2025-10-31T16:00:00-04:00,0.0210045662100456,0.1,813803620,MSTR  251031C00560000,
C,570.0,2025-10-31T16:00:00-04:00,0.0210045662100456,0.09,813803678,MSTR  251031C00570000,
C,580.0,2025-10-31T16:00:00-04:00,0.0210045662100456,0.08,813803728,MSTR  251031C00580000,
C,590.0,2025-10-31T16:00:00-04:00,0.0210045662100456,0.07,813803785,MSTR  251031C00590000,
C,600.0,2025-10-31T16:00:00-04:00,0.0210045662100456,0.06,813803859,MSTR  251031C00600000,
C,610.0,2025-10-31T16:00:00-04:00,0.0210045662100456,0.05,813803930,MSTR  251031C00610000,
C,620.0,2025-10-31T16:00:00-04:00,0.0210045662100456,0.04,813803988,MSTR  251031C00620000,
C,630.0,2025-10-31T16:00:00-04:00,0.0210045662100456,0.03,813804042,MSTR  251031C00630000,
C,640.0,2025-10-31T16:00:00-04:00,0.0210045662100456,0.03,813804097,MSTR  251031C00640000,
C,650.0,2025-10-31T16:00:00-04:00,0.0210045662100456,0.02,813804162,MSTR  251031C00650000,
C,660.0,2025-10-31T16:00:00-04:00,0.0210045662100456,0.02,822236210,MSTR  251031C00660000,
C,250.0,2025-11-07T16:00:00-05:00,0.040296803652968,40.46,818076540,MSTR  251107C00250000,
C,260.0,2025-11-07T16:00:00-05:00,0.040296803652968,32.19,817710877,MSTR  251107C00260000,
C,270.0,2025-11-07T16:00:00-05:00,0.040296803652968,24.64,817711011,MSTR  251107C00270000,
C,280.0,2025-11-07T16:00:00-05:00,0.040296803652968,18.26,817711133,MSTR  251107C00280000,
C,290.0,2025-11-07T16:00:00-05:00,0.040296803652968,13.15,817711246,MSTR  251107C00290000,
C,300.0,2025-11-07T16:00:00-05:00,0.040296803652968,9.08,817711368,MSTR  251107C00300000,
C,310.0,2025-11-07T16:00:00-05:00,0.040296803652968,6.14,817711467,MSTR  251107C00310000,
C,320.0,2025-11-07T16:00:00-05:00,0.040296803652968,4.12,817711573,MSTR  251107C00320000,
C,330.0,2025-11-07T16:00:00-05:00,0.040296803652968,2.86,817711697,MSTR  251107C00330000,
C,340.0,2025-11-07T16:00:00-05:00,0.040296803652968,2.02,817711810,MSTR  251107C00340000,
C,350.0,2025-11-07T16:00:00-05:00,0.040296803652968,1.5,817711932,MSTR  251107C00350000,
C,360.0,2025-11-07T16:00:00-05:00,0.040296803652968,1.17,817712049,MSTR  251107C00360000,
C,370.0,2025-11-07T16:00:00-05:00,0.040296803652968,0.95,817712180,MSTR  251107C00370000,
C,380.0,2025-11-07T16:00:00-05:00,0.040296803652968,0.79,817712310,MSTR  251107C00380000,
C,390.0,2025-11-07T16:00:00-05:00,0.040296803652968,0.7,817712437,MSTR  251107C00390000,
C,400.0,2025-11-07T16:00:00-05:00,0.040296803652968,0.62,817712573,MSTR  251107C00400000,
C,410.0,2025-11-07T16:00:00-05:00,0.040296803652968,0.56,818076738,MSTR  251107C00410000,
C,420.0,2025-11-07T16:00:00-05:00,0.040296803652968,0.5,818076804,MSTR  251107C00420000,
C,430.0,2025-11-07T16:00:00-05:00,0.040296803652968,0.46,818076898,MSTR  251107C00430000,
C,440.0,2025-11-07T16:00:00-05:00,0.040296803652968,0.43,818076980,MSTR  251107C00440000,
C,450.0,2025-11-07T16:00:00-05:00,0.040296803652968,0.4,818077056,MSTR  251107C00450000,
C,460.0,2025-11-07T16:00:00-05:00,0.040296803652968,0.38,818077141,MSTR  251107C00460000,
C,470.0,2025-11-07T16:00:00-05:00,0.040296803652968,0.35,818077219,MSTR  251107C00470000,
C,480.0,2025-11-07T16:00:00-05:00,0.040296803652968,0.32,818077299,MSTR  251107C00480000,
C,490.0,2025-11-07T16:00:00-05:00,0.040296803652968,0.3,818077365,MSTR  251107C00490000,
C,500.0,2025-11-07T16:00:00-05:00,0.040296803652968,0.29,818077457,MSTR  251107C00500000,
C,510.0,2025-11-07T16:00:00-05:00,0.040296803652968,0.27,818077530,MSTR  251107C00510000,
C,520.0,2025-11-07T16:00:00-05:00,0.040296803652968,0.25,818077600,MSTR  251107C00520000,
C,530.0,2025-11-07T16:00:00-05:00,0.040296803652968,0.24,818077620,MSTR  251107C00530000,
C,540.0,2025-11-07T16:00:00-05:00,0.040296803652968,0.22,818077661,MSTR  251107C00540000,
C,550.0,2025-11-07T16:00:00-05:00,0.040296803652968,0.2,818077708,MSTR  251107C00550000,
C,560.0,2025-11-07T16:00:00-05:00,0.040296803652968,0.19,818077742,MSTR  251107C00560000,
C,570.0,2025-11-07T16:00:00-05:00,0.040296803652968,0.17,818077788,MSTR  251107C00570000,
C,580.0,2025-11-07T16:00:00-05:00,0.040296803652968,0.16,818077845,MSTR  251107C00580000,
C,590.0,2025-11-07T16:00:00-05:00,0.040296803652968,0.14,818077888,MSTR  251107C00590000,
C,600.0,2025-11-07T16:00:00-05:00,0.040296803652968,0.12,818077933,MSTR  251107C00600000,
C,610.0,2025-11-07T16:00:00-05:00,0.040296803652968,0.11,818077971,MSTR  251107C00610000,
C,620.0,2025-11-07T16:00:00-05:00,0.040296803652968,0.09,818078014,MSTR  251107C00620000,
C,630.0,2025-11-07T16:00:00-05:00,0.040296803652968,0.07,818078049,MSTR  251107C00630000,
C,640.0,2025-11-07T16:00:00-05:00,0.040296803652968,0.06,818746480,MSTR  251107C00640000,
C,650.0,2025-11-07T16:00:00-05:00,0.040296803652968,0.05,818746516,MSTR  251107C00650000,
C,250.0,2025-11-14T16:00:00-05:00,0.0594748858447488,42.88,819926470,MSTR  251114C00250000,
C,260.0,2025-11-14T16:00:00-05:00,0.0594748858447488,35.02,819926574,MSTR  251114C00260000,
C,270.0,2025-11-14T16:00:00-05:00,0.0594748858447488,27.96,819628503,MSTR  251114C00270000,
C,280.0,2025-11-14T16:00:00-05:00,0.0594748858447488,21.87,819628627,MSTR  251114C00280000,
C,290.0,2025-11-14T16:00:00-05:00,0.0594748858447488,16.6,819628751,MSTR  251114C00290000,
C,300.0,2025-11-14T16:00:00-05:00,0.0594748858447488,12.32,819628873,MSTR  251114C00300000,
C,310.0,2025-11-14T16:00:00-05:00,0.0594748858447488,8.96,819629008,MSTR  251114C00310000,
C,320.0,2025-11-14T16:00:00-05:00,0.0594748858447488,6.45,819629175,MSTR  251114C00320000,
C,330.0,2025-11-14T16:00:00-05:00,0.0594748858447488,4.77,819629296,MSTR  251114C00330000,
C,340.0,2025-11-14T16:00:00-05:00,0.0594748858447488,3.66,819629446,MSTR  251114C00340000,
C,350.0,2025-11-14T16:00:00-05:00,0.0594748858447488,2.69,819629581,MSTR  251114C00350000,
C,360.0,2025-11-14T16:00:00-05:00,0.0594748858447488,2.11,819629730,MSTR  251114C00360000,
C,370.0,2025-11-14T16:00:00-05:00,0.0594748858447488,1.73,819629847,MSTR  251114C00370000,
C,380.0,2025-11-14T16:00:00-05:00,0.0594748858447488,1.42,819629956,MSTR  251114C00380000,
C,390.0,2025-11-14T16:00:00-05:00,0.0594748858447488,1.26,819630117,MSTR  251114C00390000,
C,400.0,2025-11-14T16:00:00-05:00,0.0594748858447488,1.11,819630276,MSTR  251114C00400000,
C,410.0,2025-11-14T16:00:00-05:00,0.0594748858447488,0.95,819926735,MSTR  251114C00410000,
C,420.0,2025-11-14T16:00:00-05:00,0.0594748858447488,0.87,819926860,MSTR  251114C00420000,
C,430.0,2025-11-14T16:00:00-05:00,0.0594748858447488,0.8,819926997,MSTR  251114C00430000,
C,440.0,2025-11-14T16:00:00-05:00,0.0594748858447488,0.72,819927113,MSTR  251114C00440000,
C,450.0,2025-11-14T16:00:00-05:00,0.0594748858447488,0.67,819927233,MSTR  251114C00450000,
C,460.0,2025-11-14T16:00:00-05:00,0.0594748858447488,0.63,819927359,MSTR  251114C00460000,
C,470.0,2025-11-14T16:00:00-05:00,0.0594748858447488,0.6,819927479,MSTR  251114C00470000,
C,480.0,2025-11-14T16:00:00-05:00,0.0594748858447488,0.57,819927586,MSTR  251114C00480000,
C,490.0,2025-11-14T16:00:00-05:00,0.0594748858447488,0.53,819927705,MSTR  251114C00490000,
C,500.0,2025-11-14T16:00:00-05:00,0.0594748858447488,0.5,819927809,MSTR  251114C00500000,
C,510.0,2025-11-14T16:00:00-05:00,0.0594748858447488,0.47,819927945,MSTR  251114C00510000,
C,520.0,2025-11-14T16:00:00-05:00,0.0594748858447488,0.45,819928067,MSTR  251114C00520000,
C,530.0,2025-11-14T16:00:00-05:00,0.0594748858447488,0.44,819928196,MSTR  251114C00530000,
C,540.0,2025-11-14T16:00:00-05:00,0.0594748858447488,0.42,819928322,MSTR  251114C00540000,
C,550.0,2025-11-14T16:00:00-05:00,0.0594748858447488,0.41,819928382,MSTR  251114C00550000,
C,560.0,2025-11-14T16:00:00-05:00,0.0594748858447488,0.39,819928437,MSTR  251114C00560000,
C,570.0,2025-11-14T16:00:00-05:00,0.0594748858447488,0.38,819928493,MSTR  251114C00570000,
C,580.0,2025-11-14T16:00:00-05:00,0.0594748858447488,0.36,819928538,MSTR  251114C00580000,
C,590.0,2025-11-14T16:00:00-05:00,0.0594748858447488,0.35,819928587,MSTR  251114C00590000,
C,600.0,2025-11-14T16:00:00-05:00,0.0594748858447488,0.33,819928640,MSTR  251114C00600000,
C,610.0,2025-11-14T16:00:00-05:00,0.0594748858447488,0.32,819928685,MSTR  251114C00610000,
C,620.0,2025-11-14T16:00:00-05:00,0.0594748858447488,0.3,819928740,MSTR  251114C00620000,
C,630.0,2025-11-14T16:00:00-05:00,0.0594748858447488,0.29,819928796,MSTR  251114C00630000,
C,640.0,2025-11-14T16:00:00-05:00,0.0594748858447488,0.28,819928837,MSTR  251114C00640000,
C,650.0,2025-11-14T16:00:00-05:00,0.0594748858447488,0.26,819928889,MSTR  251114C00650000,
C,250.0,2025-11-21T16:00:00-05:00,0.0786529680365296,44.41404825170863,787902001,MSTR  251121C00250000,
C,260.0,2025-11-21T16:00:00-05:00,0.0786529680365296,36.91566525968081,787902062,MSTR  251121C00260000,
C,270.0,2025-11-21T16:00:00-05:00,0.0786529680365296,30.092054703214565,787902100,MSTR  251121C00270000,
C,280.0,2025-11-21T16:00:00-05:00,0.0786529680365296,24.064489473834385,787902137,MSTR  251121C00280000,
C,290.0,2025-11-21T16:00:00-05:00,0.0786529680365296,18.907698003841062,787902179,MSTR  251121C00290000,
C,300.0,2025-11-21T16:00:00-05:00,0.0786529680365296,14.63575865974981,787902217,MSTR  251121C00300000,
C,310.0,2025-11-21T16:00:00-05:00,0.0786529680365296,11.227284006463806,787902241,MSTR  251121C00310000,
C,320.0,2025-11-21T16:00:00-05:00,0.0786529680365296,8.561817245976448,787902271,MSTR  251121C00320000,
C,330.0,2025-11-21T16:00:00-05:00,0.0786529680365296,6.525278160663809,787902294,MSTR  251121C00330000,
C,340.0,2025-11-21T16:00:00-05:00,0.0786529680365296,5.040314739701989,787902321,MSTR  251121C00340000,
C,350.0,2025-11-21T16:00:00-05:00,0.0786529680365296,3.993636491578006,787902367,MSTR  251121C00350000,
C,360.0,2025-11-21T16:00:00-05:00,0.0786529680365296,3.1859536685212606,787902397,MSTR  251121C00360000,
C,370.0,2025-11-21T16:00:00-05:00,0.0786529680365296,2.61246243911408,787902430,MSTR  251121C00370000,
C,380.0,2025-11-21T16:00:00-05:00,0.0786529680365296,2.19262173094472,787902454,MSTR  251121C00380000,
C,390.0,2025-11-21T16:00:00-05:00,0.0786529680365296,1.8811980749948785,787902486,MSTR  251121C00390000,
C,400.0,2025-11-21T16:00:00-05:00,0.0786529680365296,1.618262913732144,787902526,MSTR  251121C00400000,
C,410.0,2025-11-21T16:00:00-05:00,0.0786529680365296,1.4582858915956802,787902551,MSTR  251121C00410000,
C,420.0,2025-11-21T16:00:00-05:00,0.0786529680365296,1.3075825909050525,787902561,MSTR  251121C00420000,
C,430.0,2025-11-21T16:00:00-05:00,0.0786529680365296,1.1645905338563098,787902602,MSTR  251121C00430000,
C,440.0,2025-11-21T16:00:00-05:00,0.0786529680365296,1.0946478182719352,787902626,MSTR  251121C00440000,
C,450.0,2025-11-21T16:00:00-05:00,0.0786529680365296,1.021393822026362,787902652,MSTR  251121C00450000,
C,460.0,2025-11-21T16:00:00-05:00,0.0786529680365296,0.9608988112570304,787902682,MSTR  251121C00460000,
C,470.0,2025-11-21T16:00:00-05:00,0.0786529680365296,0.8989031121484141,787902700,MSTR  251121C00470000,
C,480.0,2025-11-21T16:00:00-05:00,0.0786529680365296,0.842323835920471,787902729,MSTR  251121C00480000,
C,490.0,2025-11-21T16:00:00-05:00,0.0786529680365296,0.8076458461419755,787902743,MSTR  251121C00490000,
C,500.0,2025-11-21T16:00:00-05:00,0.0786529680365296,0.7862351079854362,787902763,MSTR  251121C00500000,
C,510.0,2025-11-21T16:00:00-05:00,0.0786529680365296,0.7613395552470795,809883202,MSTR  251121C00510000,
C,520.0,2025-11-21T16:00:00-05:00,0.0786529680365296,0.7410773472861865,790768945,MSTR  251121C00520000,
C,540.0,2025-11-21T16:00:00-05:00,0.0786529680365296,0.6905784555308648,790769003,MSTR  251121C00540000,
C,560.0,2025-11-21T16:00:00-05:00,0.0786529680365296,0.6390967951225289,790769044,MSTR  251121C00560000,
C,580.0,2025-11-21T16:00:00-05:00,0.0786529680365296,0.598000263483275,797568535,MSTR  251121C00580000,
C,600.0,2025-11-21T16:00:00-05:00,0.0786529680365296,0.5653689509479719,797568613,MSTR  251121C00600000,
C,620.0,2025-11-21T16:00:00-05:00,0.0786529680365296,0.5153619082344979,798611765,MSTR  251121C00620000,
C,640.0,2025-11-21T16:00:00-05:00,0.0786529680365296,0.4421310069083545,800866359,MSTR  251121C00640000,
C,660.0,2025-11-21T16:00:00-05:00,0.0786529680365296,0.3572239139628911,800866425,MSTR  251121C00660000,
C,250.0,2025-11-28T16:00:00-05:00,0.0978310502283105,46.0487229522117,821979812,MSTR  251128C00250000,
C,260.0,2025-11-28T16:00:00-05:00,0.0978310502283105,38.698828087218274,821390159,MSTR  251128C00260000,
C,270.0,2025-11-28T16:00:00-05:00,0.0978310502283105,32.07855811873315,821390324,MSTR  251128C00270000,
C,280.0,2025-11-28T16:00:00-05:00,0.0978310502283105,26.18728510195617,821390428,MSTR  251128C00280000,
C,290.0,2025-11-28T16:00:00-05:00,0.0978310502283105,21.04520146223069,821390558,MSTR  251128C00290000,
C,300.0,2025-11-28T16:00:00-05:00,0.0978310502283105,16.73551621593345,821390662,MSTR  251128C00300000,
C,310.0,2025-11-28T16:00:00-05:00,0.0978310502283105,13.179597993274426,821390788,MSTR  251128C00310000,
C,320.0,2025-11-28T16:00:00-05:00,0.0978310502283105,10.31180598152191,821390909,MSTR  251128C00320000,
C,330.0,2025-11-28T16:00:00-05:00,0.0978310502283105,8.16641781619907,821391022,MSTR  251128C00330000,
C,340.0,2025-11-28T16:00:00-05:00,0.0978310502283105,6.511004679897187,821391138,MSTR  251128C00340000,
C,350.0,2025-11-28T16:00:00-05:00,0.0978310502283105,5.130942384913812,821391260,MSTR  251128C00350000,
C,360.0,2025-11-28T16:00:00-05:00,0.0978310502283105,4.152310423523465,821391381,MSTR  251128C00360000,
C,370.0,2025-11-28T16:00:00-05:00,0.0978310502283105,3.403120467943692,821391500,MSTR  251128C00370000,
C,380.0,2025-11-28T16:00:00-05:00,0.0978310502283105,2.826721807347758,821391599,MSTR  251128C00380000,
C,390.0,2025-11-28T16:00:00-05:00,0.0978310502283105,2.403244828981172,821391721,MSTR  251128C00390000,
C,400.0,2025-11-28T16:00:00-05:00,0.0978310502283105,2.0654682936873594,821391837,MSTR  251128C00400000,
C,410.0,2025-11-28T16:00:00-05:00,0.0978310502283105,1.7894979000682636,821979979,MSTR  251128C00410000,
C,420.0,2025-11-28T16:00:00-05:00,0.0978310502283105,1.6126544491879058,821980064,MSTR  251128C00420000,
C,430.0,2025-11-28T16:00:00-05:00,0.0978310502283105,1.52,821980159,MSTR  251128C00430000,
C,440.0,2025-11-28T16:00:00-05:00,0.0978310502283105,1.38,821980230,MSTR  251128C00440000,
C,450.0,2025-11-28T16:00:00-05:00,0.0978310502283105,1.25,821980318,MSTR  251128C00450000,
C,460.0,2025-11-28T16:00:00-05:00,0.0978310502283105,1.19,821980408,MSTR  251128C00460000,
C,470.0,2025-11-28T16:00:00-05:00,0.0978310502283105,1.13,821980493,MSTR  251128C00470000,
C,480.0,2025-11-28T16:00:00-05:00,0.0978310502283105,1.08,821980570,MSTR  251128C00480000,
C,490.0,2025-11-28T16:00:00-05:00,0.0978310502283105,0.9648082257072432,821980659,MSTR  251128C00490000,
C,500.0,2025-11-28T16:00:00-05:00,0.0978310502283105,0.91176611381324,821980750,MSTR  251128C00500000,
C,510.0,2025-11-28T16:00:00-05:00,0.0978310502283105,0.8869900081351831,821980847,MSTR  251128C00510000,
C,520.0,2025-11-28T16:00:00-05:00,0.0978310502283105,0.8658463273698775,821980912,MSTR  251128C00520000,
C,530.0,2025-11-28T16:00:00-05:00,0.0978310502283105,0.8445224504039944,821980997,MSTR  251128C00530000,
C,540.0,2025-11-28T16:00:00-05:00,0.0978310502283105,0.8225251286979612,821981085,MSTR  251128C00540000,
C,550.0,2025-11-28T16:00:00-05:00,0.0978310502283105,0.7993790029885568,821981122,MSTR  251128C00550000,
C,560.0,2025-11-28T16:00:00-05:00,0.0978310502283105,0.7746264957343043,821981162,MSTR  251128C00560000,
C,570.0,2025-11-28T16:00:00-05:00,0.0978310502283105,0.7478257009586584,821981204,MSTR  251128C00570000,
C,580.0,2025-11-28T16:00:00-05:00,0.0978310502283105,0.7185511134702022,821981244,MSTR  251128C00580000,
C,590.0,2025-11-28T16:00:00-05:00,0.0978310502283105,0.6863928566738701,821981304,MSTR  251128C00590000,
C,600.0,2025-11-28T16:00:00-05:00,0.0978310502283105,0.6574677124516404,821981359,MSTR  251128C00600000,
C,610.0,2025-11-28T16:00:00-05:00,0.0978310502283105,0.639528657648602,821981399,MSTR  251128C00610000,
C,620.0,2025-11-28T16:00:00-05:00,0.0978310502283105,0.6200105483119601,821981441,MSTR  251128C00620000,
C,630.0,2025-11-28T16:00:00-05:00,0.0978310502283105,0.5966640090699002,821981481,MSTR  251128C00630000,
C,640.0,2025-11-28T16:00:00-05:00,0.0978310502283105,0.5702820257567929,821981521,MSTR  251128C00640000,
C,650.0,2025-11-28T16:00:00-05:00,0.0978310502283105,0.5406556252236338,821981558,MSTR  251128C00650000,
C,250.0,2025-12-05T16:00:00-05:00,0.1170091324200913,47.79231009348625,825575953,MSTR  251205C00250000,
C,260.0,2025-12-05T16:00:00-05:00,0.1170091324200913,40.60573266665176,825576077,MSTR  251205C00260000,
C,270.0,2025-12-05T16:00:00-05:00,0.1170091324200913,34.16281437285466,825576213,MSTR  251205C00270000,
C,280.0,2025-12-05T16:00:00-05:00,0.1170091324200913,28.45090089311889,825576349,MSTR  251205C00280000,
C,290.0,2025-12-05T16:00:00-05:00,0.1170091324200913,23.42491397890931,825576481,MSTR  251205C00290000,
C,300.0,2025-12-05T16:00:00-05:00,0.1170091324200913,19.08167056263888,825576617,MSTR  251205C00300000,
C,310.0,2025-12-05T16:00:00-05:00,0.1170091324200913,15.418663695799257,825576732,MSTR  251205C00310000,
C,320.0,2025-12-05T16:00:00-05:00,0.1170091324200913,12.554151012046068,825576859,MSTR  251205C00320000,
C,330.0,2025-12-05T16:00:00-05:00,0.1170091324200913,10.201465172471364,825577015,MSTR  251205C00330000,
C,340.0,2025-12-05T16:00:00-05:00,0.1170091324200913,8.27260316286288,825577141,MSTR  251205C00340000,
C,350.0,2025-12-05T16:00:00-05:00,0.1170091324200913,6.917266346894032,825577273,MSTR  251205C00350000,
C,360.0,2025-12-05T16:00:00-05:00,0.1170091324200913,5.43,825932293,MSTR  251205C00360000,
C,370.0,2025-12-05T16:00:00-05:00,0.1170091324200913,4.26,825932435,MSTR  251205C00370000,
C,380.0,2025-12-05T16:00:00-05:00,0.1170091324200913,3.4,825932548,MSTR  251205C00380000,
C,390.0,2025-12-05T16:00:00-05:00,0.1170091324200913,2.63,825932695,MSTR  251205C00390000,
C,400.0,2025-12-05T16:00:00-05:00,0.1170091324200913,2.07,825932809,MSTR  251205C00400000,
C,410.0,2025-12-05T16:00:00-05:00,0.1170091324200913,1.61,825932929,MSTR  251205C00410000,
C,420.0,2025-12-05T16:00:00-05:00,0.1170091324200913,1.24,825933064,MSTR  251205C00420000,
C,430.0,2025-12-05T16:00:00-05:00,0.1170091324200913,0.96,825933156,MSTR  251205C00430000,
C,440.0,2025-12-05T16:00:00-05:00,0.1170091324200913,0.73,825933259,MSTR  251205C00440000,
C,450.0,2025-12-05T16:00:00-05:00,0.1170091324200913,0.57,825933353,MSTR  251205C00450000,
C,460.0,2025-12-05T16:00:00-05:00,0.1170091324200913,0.43,825933476,MSTR  251205C00460000,
C,470.0,2025-12-05T16:00:00-05:00,0.1170091324200913,0.33,825933578,MSTR  251205C00470000,
C,480.0,2025-12-05T16:00:00-05:00,0.1170091324200913,0.25,825933643,MSTR  251205C00480000,
C,490.0,2025-12-05T16:00:00-05:00,0.1170091324200913,0.19,825933670,MSTR  251205C00490000,
C,500.0,2025-12-05T16:00:00-05:00,0.1170091324200913,0.14,825933698,MSTR  251205C00500000,
C,510.0,2025-12-05T16:00:00-05:00,0.1170091324200913,0.11,825933733,MSTR  251205C00510000,
C,520.0,2025-12-05T16:00:00-05:00,0.1170091324200913,0.08,825933769,MSTR  251205C00520000,
C,530.0,2025-12-05T16:00:00-05:00,0.1170091324200913,0.06,825933813,MSTR  251205C00530000,
C,540.0,2025-12-05T16:00:00-05:00,0.1170091324200913,0.05,825933852,MSTR  251205C00540000,
C,550.0,2025-12-05T16:00:00-05:00,0.1170091324200913,0.03,825933894,MSTR  251205C00550000,
C,560.0,2025-12-05T16:00:00-05:00,0.1170091324200913,0.03,825933934,MSTR  251205C00560000,
C,570.0,2025-12-05T16:00:00-05:00,0.1170091324200913,0.02,825933967,MSTR  251205C00570000,
C,250.0,2025-12-19T16:00:00-05:00,0.1553652968036529,51.506606532697646,688634019,MSTR  251219C00250000,
C,260.0,2025-12-19T16:00:00-05:00,0.1553652968036529,44.81247601943321,689768595,MSTR  251219C00260000,
C,270.0,2025-12-19T16:00:00-05:00,0.1553652968036529,38.53641691119139,689768698,MSTR  251219C00270000,
C,280.0,2025-12-19T16:00:00-05:00,0.1553652968036529,33.087124422395775,689768778,MSTR  251219C00280000,
C,290.0,2025-12-19T16:00:00-05:00,0.1553652968036529,28.23082588689953,689768844,MSTR  251219C00290000,
C,300.0,2025-12-19T16:00:00-05:00,0.1553652968036529,23.781238985395333,690240977,MSTR  251219C00300000,
C,310.0,2025-12-19T16:00:00-05:00,0.1553652968036529,20.200754362482485,690240987,MSTR  251219C00310000,
C,320.0,2025-12-19T16:00:00-05:00,0.1553652968036529,17.024308251080125,693647289,MSTR  251219C00320000,
C,330.0,2025-12-19T16:00:00-05:00,0.1553652968036529,14.313996693992983,693647312,MSTR  251219C00330000,
C,340.0,2025-12-19T16:00:00-05:00,0.1553652968036529,12.169792413352102,693647331,MSTR  251219C00340000,
C,350.0,2025-12-19T16:00:00-05:00,0.1553652968036529,10.229474950351344,693647346,MSTR  251219C00350000,
C,360.0,2025-12-19T16:00:00-05:00,0.1553652968036529,8.845586827154674,693647367,MSTR  251219C00360000,
C,370.0,2025-12-19T16:00:00-05:00,0.1553652968036529,7.536653890866723,693647382,MSTR  251219C00370000,
C,380.0,2025-12-19T16:00:00-05:00,0.1553652968036529,6.624561466294527,693647388,MSTR  251219C00380000,
C,390.0,2025-12-19T16:00:00-05:00,0.1553652968036529,5.791188950417716,734255697,MSTR  251219C00390000,
C,400.0,2025-12-19T16:00:00-05:00,0.1553652968036529,5.111219854523077,735080182,MSTR  251219C00400000,
C,410.0,2025-12-19T16:00:00-05:00,0.1553652968036529,4.609701417164486,735080214,MSTR  251219C00410000,
C,420.0,2025-12-19T16:00:00-05:00,0.1553652968036529,4.131340662749322,735080241,MSTR  251219C00420000,
C,430.0,2025-12-19T16:00:00-05:00,0.1553652968036529,3.7247983173902894,735311242,MSTR  251219C00430000,
C,440.0,2025-12-19T16:00:00-05:00,0.1553652968036529,3.453172563176636,735311277,MSTR  251219C00440000,
C,450.0,2025-12-19T16:00:00-05:00,0.1553652968036529,3.192720413058212,735311312,MSTR  251219C00450000,
C,460.0,2025-12-19T16:00:00-05:00,0.1553652968036529,2.9419490260725736,737929602,MSTR  251219C00460000,
C,470.0,2025-12-19T16:00:00-05:00,0.1553652968036529,2.703814807974622,738396313,MSTR  251219C00470000,
C,480.0,2025-12-19T16:00:00-05:00,0.1553652968036529,2.572599554507274,738396355,MSTR  251219C00480000,
C,490.0,2025-12-19T16:00:00-05:00,0.1553652968036529,2.444462278608947,738396385,MSTR  251219C00490000,
C,500.0,2025-12-19T16:00:00-05:00,0.1553652968036529,2.320345388809392,738396427,MSTR  251219C00500000,
C,510.0,2025-12-19T16:00:00-05:00,0.1553652968036529,2.19943400940824,738396460,MSTR  251219C00510000,
C,520.0,2025-12-19T16:00:00-05:00,0.1553652968036529,2.11,738571150,MSTR  251219C00520000,
C,530.0,2025-12-19T16:00:00-05:00,0.1553652968036529,2.0,738571205,MSTR  251219C00530000,
C,540.0,2025-12-19T16:00:00-05:00,0.1553652968036529,1.92,740653142,MSTR  251219C00540000,
C,550.0,2025-12-19T16:00:00-05:00,0.1553652968036529,1.8452617230583468,740653219,MSTR  251219C00550000,
C,560.0,2025-12-19T16:00:00-05:00,0.1553652968036529,1.7906490174591596,741275147,MSTR  251219C00560000,
C,570.0,2025-12-19T16:00:00-05:00,0.1553652968036529,1.7364521536768216,741275200,MSTR  251219C00570000,
C,580.0,2025-12-19T16:00:00-05:00,0.1553652968036529,1.6823687089885329,741275257,MSTR  251219C00580000,
C,590.0,2025-12-19T16:00:00-05:00,0.1553652968036529,1.6281235081663026,741275312,MSTR  251219C00590000,
C,600.0,2025-12-19T16:00:00-05:00,0.1553652968036529,1.573477545136452,741275370,MSTR  251219C00600000,
C,610.0,2025-12-19T16:00:00-05:00,0.1553652968036529,1.518233610532132,741275390,MSTR  251219C00610000,
C,620.0,2025-12-19T16:00:00-05:00,0.1553652968036529,1.465273870023905,741275437,MSTR  251219C00620000,
C,630.0,2025-12-19T16:00:00-05:00,0.1553652968036529,1.4097794525911072,741275500,MSTR  251219C00630000,
C,640.0,2025-12-19T16:00:00-05:00,0.1553652968036529,1.3836533853333093,741275562,MSTR  251219C00640000,
C,650.0,2025-12-19T16:00:00-05:00,0.1553652968036529,1.3628396930586963,741275613,MSTR  251219C00650000,
C,660.0,2025-12-19T16:00:00-05:00,0.1553652968036529,1.3292280938728975,741275665,MSTR  251219C00660000,
C,670.0,2025-12-19T16:00:00-05:00,0.1553652968036529,1.3007205592887656,741275733,MSTR  251219C00670000,
C,680.0,2025-12-19T16:00:00-05:00,0.1553652968036529,1.2716525667672265,741275783,MSTR  251219C00680000,
C,690.0,2025-12-19T16:00:00-05:00,0.1553652968036529,1.2409698562967026,741275828,MSTR  251219C00690000,
C,700.0,2025-12-19T16:00:00-05:00,0.1553652968036529,1.2105144507210122,741275888,MSTR  251219C00700000,
C,710.0,2025-12-19T16:00:00-05:00,0.1553652968036529,1.1784331678498403,741538559,MSTR  251219C00710000,
C,720.0,2025-12-19T16:00:00-05:00,0.1553652968036529,1.145099296054654,741538610,MSTR  251219C00720000,
C,730.0,2025-12-19T16:00:00-05:00,0.1553652968036529,1.1128898103670652,742232056,MSTR  251219C00730000,
C,740.0,2025-12-19T16:00:00-05:00,0.1553652968036529,1.0752026239464614,742232177,MSTR  251219C00740000,
C,750.0,2025-12-19T16:00:00-05:00,0.1553652968036529,1.03826212115764,742232248,MSTR  251219C00750000,
C,760.0,2025-12-19T16:00:00-05:00,0.1553652968036529,1.000017072354519,742232307,MSTR  251219C00760000,
C,770.0,2025-12-19T16:00:00-05:00,0.1553652968036529,0.9777504497780112,743588114,MSTR  251219C00770000,
C,780.0,2025-12-19T16:00:00-05:00,0.1553652968036529,0.9593241440279154,743588154,MSTR  251219C00780000,
C,790.0,2025-12-19T16:00:00-05:00,0.1553652968036529,0.938317866882944,743588188,MSTR  251219C00790000,
C,800.0,2025-12-19T16:00:00-05:00,0.1553652968036529,0.9175973656480568,743588219,MSTR  251219C00800000,
C,250.0,2026-01-16T16:00:00-05:00,0.2320776255707762,57.20762448418984,688634699,MSTR  260116C00250000,
C,260.0,2026-01-16T16:00:00-05:00,0.2320776255707762,50.96958317421648,689769245,MSTR  260116C00260000,
C,270.0,2026-01-16T16:00:00-05:00,0.2320776255707762,45.06928503611635,689769329,MSTR  260116C00270000,
C,280.0,2026-01-16T16:00:00-05:00,0.2320776255707762,39.76944568610622,689769394,MSTR  260116C00280000,
C,290.0,2026-01-16T16:00:00-05:00,0.2320776255707762,34.96831613829899,689769486,MSTR  260116C00290000,
C,300.0,2026-01-16T16:00:00-05:00,0.2320776255707762,30.615248947418117,690241017,MSTR  260116C00300000,
C,310.0,2026-01-16T16:00:00-05:00,0.2320776255707762,26.86048177071364,690241024,MSTR  260116C00310000,
C,320.0,2026-01-16T16:00:00-05:00,0.2320776255707762,23.418940630329608,693647545,MSTR  260116C00320000,
C,330.0,2026-01-16T16:00:00-05:00,0.2320776255707762,20.571493315041035,693647590,MSTR  260116C00330000,
C,340.0,2026-01-16T16:00:00-05:00,0.2320776255707762,17.965479609003573,693647613,MSTR  260116C00340000,
C,350.0,2026-01-16T16:00:00-05:00,0.2320776255707762,15.825070959261858,693647622,MSTR  260116C00350000,
C,360.0,2026-01-16T16:00:00-05:00,0.2320776255707762,13.942303513112517,693647640,MSTR  260116C00360000,
C,370.0,2026-01-16T16:00:00-05:00,0.2320776255707762,12.45,693647669,MSTR  260116C00370000,
C,380.0,2026-01-16T16:00:00-05:00,0.2320776255707762,11.02,693647693,MSTR  260116C00380000,
C,390.0,2026-01-16T16:00:00-05:00,0.2320776255707762,9.746188514458783,734255767,MSTR  260116C00390000,
C,400.0,2026-01-16T16:00:00-05:00,0.2320776255707762,8.85,735080405,MSTR  260116C00400000,
C,410.0,2026-01-16T16:00:00-05:00,0.2320776255707762,7.980070896677007,735080445,MSTR  260116C00410000,
C,420.0,2026-01-16T16:00:00-05:00,0.2320776255707762,7.199202734046317,735080472,MSTR  260116C00420000,
C,430.0,2026-01-16T16:00:00-05:00,0.2320776255707762,6.563864132587267,735311478,MSTR  260116C00430000,
C,440.0,2026-01-16T16:00:00-05:00,0.2320776255707762,6.086105961849526,735311512,MSTR  260116C00440000,
C,450.0,2026-01-16T16:00:00-05:00,0.2320776255707762,5.6263963387685045,735311536,MSTR  260116C00450000,
C,460.0,2026-01-16T16:00:00-05:00,0.2320776255707762,5.183031035329482,737929731,MSTR  260116C00460000,
C,470.0,2026-01-16T16:00:00-05:00,0.2320776255707762,4.8188411067129495,738396650,MSTR  260116C00470000,
C,480.0,2026-01-16T16:00:00-05:00,0.2320776255707762,4.55158809748695,738396685,MSTR  260116C00480000,
C,490.0,2026-01-16T16:00:00-05:00,0.2320776255707762,4.302311903225641,738396721,MSTR  260116C00490000,
C,500.0,2026-01-16T16:00:00-05:00,0.2320776255707762,4.063438563387735,738396759,MSTR  260116C00500000,
C,510.0,2026-01-16T16:00:00-05:00,0.2320776255707762,3.8241420701587,738396779,MSTR  260116C00510000,
C,520.0,2026-01-16T16:00:00-05:00,0.2320776255707762,3.607978868074156,738571362,MSTR  260116C00520000,
C,530.0,2026-01-16T16:00:00-05:00,0.2320776255707762,3.42900630611903,738571425,MSTR  260116C00530000,
C,540.0,2026-01-16T16:00:00-05:00,0.2320776255707762,3.293247235358815,740653419,MSTR  260116C00540000,
C,550.0,2026-01-16T16:00:00-05:00,0.2320776255707762,3.162086268962353,740653485,MSTR  260116C00550000,
C,560.0,2026-01-16T16:00:00-05:00,0.2320776255707762,3.0306008571927823,741276716,MSTR  260116C00560000,
C,570.0,2026-01-16T16:00:00-05:00,0.2320776255707762,2.8937875530496857,741276793,MSTR  260116C00570000,
C,580.0,2026-01-16T16:00:00-05:00,0.2320776255707762,2.7717261777686866,741276843,MSTR  260116C00580000,
C,590.0,2026-01-16T16:00:00-05:00,0.2320776255707762,2.6464053600135644,741276889,MSTR  260116C00590000,
C,600.0,2026-01-16T16:00:00-05:00,0.2320776255707762,2.5043813337644,741276948,MSTR  260116C00600000,
C,610.0,2026-01-16T16:00:00-05:00,0.2320776255707762,2.42880052375932,741277003,MSTR  260116C00610000,
C,620.0,2026-01-16T16:00:00-05:00,0.2320776255707762,2.359567866269882,741277047,MSTR  260116C00620000,
C,630.0,2026-01-16T16:00:00-05:00,0.2320776255707762,2.2942715119618464,741277103,MSTR  260116C00630000,
C,640.0,2026-01-16T16:00:00-05:00,0.2320776255707762,2.229831723255953,741277153,MSTR  260116C00640000,
C,650.0,2026-01-16T16:00:00-05:00,0.2320776255707762,2.1693863250833707,741277208,MSTR  260116C00650000,
C,660.0,2026-01-16T16:00:00-05:00,0.2320776255707762,2.122777405756792,741277255,MSTR  260116C00660000,
C,670.0,2026-01-16T16:00:00-05:00,0.2320776255707762,2.067702442361932,741277307,MSTR  260116C00670000,
C,680.0,2026-01-16T16:00:00-05:00,0.2320776255707762,2.0139741914927267,741277362,MSTR  260116C00680000,
C,690.0,2026-01-16T16:00:00-05:00,0.2320776255707762,1.9596580468507487,741277406,MSTR  260116C00690000,
C,700.0,2026-01-16T16:00:00-05:00,0.2320776255707762,1.9066247408555344,741277462,MSTR  260116C00700000,
C,710.0,2026-01-16T16:00:00-05:00,0.2320776255707762,1.85,741538862,MSTR  260116C00710000,
C,720.0,2026-01-16T16:00:00-05:00,0.2320776255707762,1.8,741538917,MSTR  260116C00720000,
C,730.0,2026-01-16T16:00:00-05:00,0.2320776255707762,1.77,742232827,MSTR  260116C00730000,
C,740.0,2026-01-16T16:00:00-05:00,0.2320776255707762,1.74,742232937,MSTR  260116C00740000,
C,750.0,2026-01-16T16:00:00-05:00,0.2320776255707762,1.7,742233007,MSTR  260116C00750000,
C,760.0,2026-01-16T16:00:00-05:00,0.2320776255707762,1.7,742233067,MSTR  260116C00760000,
C,770.0,2026-01-16T16:00:00-05:00,0.2320776255707762,1.6735306275778692,743589090,MSTR  260116C00770000,
C,780.0,2026-01-16T16:00:00-05:00,0.2320776255707762,1.640841577682367,743589133,MSTR  260116C00780000,
C,790.0,2026-01-16T16:00:00-05:00,0.2320776255707762,1.6058856888988002,743589162,MSTR  260116C00790000,
C,800.0,2026-01-16T16:00:00-05:00,0.2320776255707762,1.5645087968664058,743589196,MSTR  260116C00800000,
C,250.0,2026-02-20T16:00:00-05:00,0.3279680365296804,63.7304660729827,795756968,MSTR  260220C00250000,
C,260.0,2026-02-20T16:00:00-05:00,0.3279680365296804,57.76060789355743,795757008,MSTR  260220C00260000,
C,270.0,2026-02-20T16:00:00-05:00,0.3279680365296804,52.1857135331636,795757048,MSTR  260220C00270000,
C,280.0,2026-02-20T16:00:00-05:00,0.3279680365296804,47.06971297476586,795757087,MSTR  260220C00280000,
C,290.0,2026-02-20T16:00:00-05:00,0.3279680365296804,42.476234630908586,795757125,MSTR  260220C00290000,
C,300.0,2026-02-20T16:00:00-05:00,0.3279680365296804,38.17203187126693,795757171,MSTR  260220C00300000,
C,310.0,2026-02-20T16:00:00-05:00,0.3279680365296804,34.292511412413795,795757213,MSTR  260220C00310000,
C,320.0,2026-02-20T16:00:00-05:00,0.3279680365296804,30.842084810860705,795757250,MSTR  260220C00320000,
C,330.0,2026-02-20T16:00:00-05:00,0.3279680365296804,27.69521300723408,795757270,MSTR  260220C00330000,
C,340.0,2026-02-20T16:00:00-05:00,0.3279680365296804,25.02090382489726,795757310,MSTR  260220C00340000,
C,350.0,2026-02-20T16:00:00-05:00,0.3279680365296804,22.46889306128392,795757357,MSTR  260220C00350000,
C,360.0,2026-02-20T16:00:00-05:00,0.3279680365296804,20.35492144314492,795757390,MSTR  260220C00360000,
C,370.0,2026-02-20T16:00:00-05:00,0.3279680365296804,18.373433573979607,795757432,MSTR  260220C00370000,
C,380.0,2026-02-20T16:00:00-05:00,0.3279680365296804,16.67607360828498,795757477,MSTR  260220C00380000,
C,390.0,2026-02-20T16:00:00-05:00,0.3279680365296804,15.209732943827191,795757522,MSTR  260220C00390000,
C,400.0,2026-02-20T16:00:00-05:00,0.3279680365296804,13.811738367681002,795757557,MSTR  260220C00400000,
C,410.0,2026-02-20T16:00:00-05:00,0.3279680365296804,12.66769464129959,795757590,MSTR  260220C00410000,
C,420.0,2026-02-20T16:00:00-05:00,0.3279680365296804,11.664778175982123,795757620,MSTR  260220C00420000,
C,430.0,2026-02-20T16:00:00-05:00,0.3279680365296804,10.718563640002534,795757665,MSTR  260220C00430000,
C,440.0,2026-02-20T16:00:00-05:00,0.3279680365296804,9.854220948479329,795757713,MSTR  260220C00440000,
C,450.0,2026-02-20T16:00:00-05:00,0.3279680365296804,9.21273254056917,795757756,MSTR  260220C00450000,
C,460.0,2026-02-20T16:00:00-05:00,0.3279680365296804,8.587140676834705,795757801,MSTR  260220C00460000,
C,470.0,2026-02-20T16:00:00-05:00,0.3279680365296804,7.977297354625861,795757847,MSTR  260220C00470000,
C,480.0,2026-02-20T16:00:00-05:00,0.3279680365296804,7.414243133632071,795757890,MSTR  260220C00480000,
C,490.0,2026-02-20T16:00:00-05:00,0.3279680365296804,7.035706933298045,795757920,MSTR  260220C00490000,
C,500.0,2026-02-20T16:00:00-05:00,0.3279680365296804,6.65005924329603,795757956,MSTR  260220C00500000,
C,510.0,2026-02-20T16:00:00-05:00,0.3279680365296804,6.291342573654502,795758036,MSTR  260220C00510000,
C,520.0,2026-02-20T16:00:00-05:00,0.3279680365296804,5.924178210508727,795758085,MSTR  260220C00520000,
C,530.0,2026-02-20T16:00:00-05:00,0.3279680365296804,5.571048748305647,795758125,MSTR  260220C00530000,
C,540.0,2026-02-20T16:00:00-05:00,0.3279680365296804,5.3528330078007,795758165,MSTR  260220C00540000,
C,550.0,2026-02-20T16:00:00-05:00,0.3279680365296804,5.137284822316756,795758210,MSTR  260220C00550000,
C,560.0,2026-02-20T16:00:00-05:00,0.3279680365296804,4.9309540078149565,795758240,MSTR  260220C00560000,
C,570.0,2026-02-20T16:00:00-05:00,0.3279680365296804,4.733767728962056,795758281,MSTR  260220C00570000,
C,580.0,2026-02-20T16:00:00-05:00,0.3279680365296804,4.551904053778823,795758330,MSTR  260220C00580000,
C,590.0,2026-02-20T16:00:00-05:00,0.3279680365296804,4.345042706470157,795758386,MSTR  260220C00590000,
C,600.0,2026-02-20T16:00:00-05:00,0.3279680365296804,4.157278966780017,795758417,MSTR  260220C00600000,
C,610.0,2026-02-20T16:00:00-05:00,0.3279680365296804,4.027487313500251,795758510,MSTR  260220C00610000,
C,620.0,2026-02-20T16:00:00-05:00,0.3279680365296804,3.922766182404106,795758556,MSTR  260220C00620000,
C,630.0,2026-02-20T16:00:00-05:00,0.3279680365296804,3.819790914818077,795758597,MSTR  260220C00630000,
C,640.0,2026-02-20T16:00:00-05:00,0.3279680365296804,3.723277019038497,795758652,MSTR  260220C00640000,
C,650.0,2026-02-20T16:00:00-05:00,0.3279680365296804,3.6230713830575705,795758700,MSTR  260220C00650000,
C,660.0,2026-02-20T16:00:00-05:00,0.3279680365296804,3.523883631988061,795758739,MSTR  260220C00660000,
C,670.0,2026-02-20T16:00:00-05:00,0.3279680365296804,3.4254820444925485,795758782,MSTR  260220C00670000,
C,680.0,2026-02-20T16:00:00-05:00,0.3279680365296804,3.32427982771983,795758827,MSTR  260220C00680000,
C,690.0,2026-02-20T16:00:00-05:00,0.3279680365296804,3.230138501285083,795758879,MSTR  260220C00690000,
C,700.0,2026-02-20T16:00:00-05:00,0.3279680365296804,3.124087846690455,795758922,MSTR  260220C00700000,
C,710.0,2026-02-20T16:00:00-05:00,0.3279680365296804,3.0,795759005,MSTR  260220C00710000,
C,720.0,2026-02-20T16:00:00-05:00,0.3279680365296804,2.994575161805584,795759042,MSTR  260220C00720000,
C,730.0,2026-02-20T16:00:00-05:00,0.3279680365296804,2.9423621579423087,795759092,MSTR  260220C00730000,
C,740.0,2026-02-20T16:00:00-05:00,0.3279680365296804,2.88961573825676,795759126,MSTR  260220C00740000,
C,750.0,2026-02-20T16:00:00-05:00,0.3279680365296804,2.8362038504613434,795759166,MSTR  260220C00750000,
C,760.0,2026-02-20T16:00:00-05:00,0.3279680365296804,2.7819984675749394,795759201,MSTR  260220C00760000,
C,770.0,2026-02-20T16:00:00-05:00,0.3279680365296804,2.726875505043317,795759252,MSTR  260220C00770000,
C,780.0,2026-02-20T16:00:00-05:00,0.3279680365296804,2.6707147218797616,795759289,MSTR  260220C00780000,
C,790.0,2026-02-20T16:00:00-05:00,0.3279680365296804,2.6133996185030584,795759351,MSTR  260220C00790000,
C,800.0,2026-02-20T16:00:00-05:00,0.3279680365296804,2.5548173214728624,799185723,MSTR  260220C00800000,
C,250.0,2026-03-20T16:00:00-04:00,0.4045662100456621,68.66119197747112,767321909,MSTR  260320C00250000,
C,260.0,2026-03-20T16:00:00-04:00,0.4045662100456621,62.90304753217576,767321957,MSTR  260320C00260000,
C,270.0,2026-03-20T16:00:00-04:00,0.4045662100456621,57.376831593820754,767322000,MSTR  260320C00270000,
C,280.0,2026-03-20T16:00:00-04:00,0.4045662100456621,52.37269260726517,767322053,MSTR  260320C00280000,
C,290.0,2026-03-20T16:00:00-04:00,0.4045662100456621,47.939360425842416,767322102,MSTR  260320C00290000,
C,300.0,2026-03-20T16:00:00-04:00,0.4045662100456621,43.58960373601714,767322160,MSTR  260320C00300000,
C,310.0,2026-03-20T16:00:00-04:00,0.4045662100456621,39.77509806314038,767322213,MSTR  260320C00310000,
C,320.0,2026-03-20T16:00:00-04:00,0.4045662100456621,36.21585552830896,767322266,MSTR  260320C00320000,
C,330.0,2026-03-20T16:00:00-04:00,0.4045662100456621,32.98529030416829,767322314,MSTR  260320C00330000,
C,340.0,2026-03-20T16:00:00-04:00,0.4045662100456621,30.173417047092144,767322375,MSTR  260320C00340000,
C,350.0,2026-03-20T16:00:00-04:00,0.4045662100456621,27.431487430726936,767322427,MSTR  260320C00350000,
C,360.0,2026-03-20T16:00:00-04:00,0.4045662100456621,25.271288927455355,767322478,MSTR  260320C00360000,
C,370.0,2026-03-20T16:00:00-04:00,0.4045662100456621,23.10436744701239,767322523,MSTR  260320C00370000,
C,380.0,2026-03-20T16:00:00-04:00,0.4045662100456621,21.21267861953325,767322586,MSTR  260320C00380000,
C,390.0,2026-03-20T16:00:00-04:00,0.4045662100456621,19.537258639631897,767322628,MSTR  260320C00390000,
C,400.0,2026-03-20T16:00:00-04:00,0.4045662100456621,17.963229222880358,767322680,MSTR  260320C00400000,
C,410.0,2026-03-20T16:00:00-04:00,0.4045662100456621,16.6457675248909,767322733,MSTR  260320C00410000,
C,420.0,2026-03-20T16:00:00-04:00,0.4045662100456621,15.460859011369102,767322781,MSTR  260320C00420000,
C,430.0,2026-03-20T16:00:00-04:00,0.4045662100456621,14.357683580169647,767322823,MSTR  260320C00430000,
C,440.0,2026-03-20T16:00:00-04:00,0.4045662100456621,13.354844352217356,767322878,MSTR  260320C00440000,
C,450.0,2026-03-20T16:00:00-04:00,0.4045662100456621,12.50847193545999,767322945,MSTR  260320C00450000,
C,460.0,2026-03-20T16:00:00-04:00,0.4045662100456621,11.716855602002395,767323000,MSTR  260320C00460000,
C,470.0,2026-03-20T16:00:00-04:00,0.4045662100456621,10.957740408113844,767323045,MSTR  260320C00470000,
C,480.0,2026-03-20T16:00:00-04:00,0.4045662100456621,10.323271194547257,767323108,MSTR  260320C00480000,
C,490.0,2026-03-20T16:00:00-04:00,0.4045662100456621,9.820456683352273,767323155,MSTR  260320C00490000,
C,500.0,2026-03-20T16:00:00-04:00,0.4045662100456621,9.276417676641996,767323218,MSTR  260320C00500000,
C,510.0,2026-03-20T16:00:00-04:00,0.4045662100456621,8.759770718157885,767323324,MSTR  260320C00510000,
C,520.0,2026-03-20T16:00:00-04:00,0.4045662100456621,8.304102333144476,767323383,MSTR  260320C00520000,
C,530.0,2026-03-20T16:00:00-04:00,0.4045662100456621,7.913489760693373,767323438,MSTR  260320C00530000,
C,540.0,2026-03-20T16:00:00-04:00,0.4045662100456621,7.61101698949848,767323478,MSTR  260320C00540000,
C,550.0,2026-03-20T16:00:00-04:00,0.4045662100456621,7.260697027200677,767323546,MSTR  260320C00550000,
C,560.0,2026-03-20T16:00:00-04:00,0.4045662100456621,6.968174821368704,767323653,MSTR  260320C00560000,
C,570.0,2026-03-20T16:00:00-04:00,0.4045662100456621,6.62329244511759,767323693,MSTR  260320C00570000,
C,580.0,2026-03-20T16:00:00-04:00,0.4045662100456621,6.341521486424894,767323753,MSTR  260320C00580000,
C,590.0,2026-03-20T16:00:00-04:00,0.4045662100456621,6.124854521674562,767323808,MSTR  260320C00590000,
C,600.0,2026-03-20T16:00:00-04:00,0.4045662100456621,5.905144465065465,767323863,MSTR  260320C00600000,
C,610.0,2026-03-20T16:00:00-04:00,0.4045662100456621,5.72779303221685,767323973,MSTR  260320C00610000,
C,620.0,2026-03-20T16:00:00-04:00,0.4045662100456621,5.53135741026988,767324013,MSTR  260320C00620000,
C,630.0,2026-03-20T16:00:00-04:00,0.4045662100456621,5.335968352839519,771369147,MSTR  260320C00630000,
C,640.0,2026-03-20T16:00:00-04:00,0.4045662100456621,5.172354108305548,771369155,MSTR  260320C00640000,
C,650.0,2026-03-20T16:00:00-04:00,0.4045662100456621,4.9244676336859525,771369161,MSTR  260320C00650000,
C,660.0,2026-03-20T16:00:00-04:00,0.4045662100456621,4.753777752986971,771369170,MSTR  260320C00660000,
C,670.0,2026-03-20T16:00:00-04:00,0.4045662100456621,4.679589606128314,771369181,MSTR  260320C00670000,
C,680.0,2026-03-20T16:00:00-04:00,0.4045662100456621,4.560867353516965,779346283,MSTR  260320C00680000,
C,690.0,2026-03-20T16:00:00-04:00,0.4045662100456621,4.441916511791147,779346298,MSTR  260320C00690000,
C,700.0,2026-03-20T16:00:00-04:00,0.4045662100456621,4.322837141508948,781029726,MSTR  260320C00700000,
C,710.0,2026-03-20T16:00:00-04:00,0.4045662100456621,4.1536959773002,781029753,MSTR  260320C00710000,
C,720.0,2026-03-20T16:00:00-04:00,0.4045662100456621,4.04,781029769,MSTR  260320C00720000,
C,730.0,2026-03-20T16:00:00-04:00,0.4045662100456621,3.94,781029783,MSTR  260320C00730000,
C,740.0,2026-03-20T16:00:00-04:00,0.4045662100456621,3.84,781029796,MSTR  260320C00740000,
C,750.0,2026-03-20T16:00:00-04:00,0.4045662100456621,3.686635239795404,781029818,MSTR  260320C00750000,
C,760.0,2026-03-20T16:00:00-04:00,0.4045662100456621,3.585770108027692,781029831,MSTR  260320C00760000,
C,770.0,2026-03-20T16:00:00-04:00,0.4045662100456621,3.5174120313823445,781733895,MSTR  260320C00770000,
C,780.0,2026-03-20T16:00:00-04:00,0.4045662100456621,3.453142793843367,781733937,MSTR  260320C00780000,
C,790.0,2026-03-20T16:00:00-04:00,0.4045662100456621,3.38832942630935,781733975,MSTR  260320C00790000,
C,800.0,2026-03-20T16:00:00-04:00,0.4045662100456621,3.3314982081999838,783286142,MSTR  260320C00800000,
C,250.0,2026-04-17T16:00:00-04:00,0.4812785388127854,72.79558037299836,808570697,MSTR  260417C00250000,
C,260.0,2026-04-17T16:00:00-04:00,0.4812785388127854,67.21115106357291,808570751,MSTR  260417C00260000,
C,270.0,2026-04-17T16:00:00-04:00,0.4812785388127854,61.84850794307073,808570792,MSTR  260417C00270000,
C,280.0,2026-04-17T16:00:00-04:00,0.4812785388127854,57.086474036654415,808570851,MSTR  260417C00280000,
C,290.0,2026-04-17T16:00:00-04:00,0.4812785388127854,52.56996576210594,808570903,MSTR  260417C00290000,
C,300.0,2026-04-17T16:00:00-04:00,0.4812785388127854,48.30363251125077,807080215,MSTR  260417C00300000,
C,310.0,2026-04-17T16:00:00-04:00,0.4812785388127854,44.54397009765616,807080358,MSTR  260417C00310000,
C,320.0,2026-04-17T16:00:00-04:00,0.4812785388127854,41.04292965755853,807080475,MSTR  260417C00320000,
C,330.0,2026-04-17T16:00:00-04:00,0.4812785388127854,37.68917350333941,807080604,MSTR  260417C00330000,
C,340.0,2026-04-17T16:00:00-04:00,0.4812785388127854,34.88831527574347,807080720,MSTR  260417C00340000,
C,350.0,2026-04-17T16:00:00-04:00,0.4812785388127854,31.989528704594548,807080844,MSTR  260417C00350000,
C,360.0,2026-04-17T16:00:00-04:00,0.4812785388127854,29.68417488940482,807080989,MSTR  260417C00360000,
C,370.0,2026-04-17T16:00:00-04:00,0.4812785388127854,27.489470743355103,807081143,MSTR  260417C00370000,
C,380.0,2026-04-17T16:00:00-04:00,0.4812785388127854,25.40007846044261,807081298,MSTR  260417C00380000,
C,390.0,2026-04-17T16:00:00-04:00,0.4812785388127854,23.616769835859685,807081434,MSTR  260417C00390000,
C,400.0,2026-04-17T16:00:00-04:00,0.4812785388127854,21.886599686375025,807081570,MSTR  260417C00400000,
C,410.0,2026-04-17T16:00:00-04:00,0.4812785388127854,20.44514171296661,807081706,MSTR  260417C00410000,
C,420.0,2026-04-17T16:00:00-04:00,0.4812785388127854,19.072718921396675,807081869,MSTR  260417C00420000,
C,430.0,2026-04-17T16:00:00-04:00,0.4812785388127854,17.761550547549483,807082014,MSTR  260417C00430000,
C,440.0,2026-04-17T16:00:00-04:00,0.4812785388127854,16.64490180241855,807082144,MSTR  260417C00440000,
C,450.0,2026-04-17T16:00:00-04:00,0.4812785388127854,15.722721023872417,807082256,MSTR  260417C00450000,
C,460.0,2026-04-17T16:00:00-04:00,0.4812785388127854,14.709293508739886,807082397,MSTR  260417C00460000,
C,470.0,2026-04-17T16:00:00-04:00,0.4812785388127854,13.765637795705558,807082538,MSTR  260417C00470000,
C,480.0,2026-04-17T16:00:00-04:00,0.4812785388127854,13.108207071160608,807082654,MSTR  260417C00480000,
C,490.0,2026-04-17T16:00:00-04:00,0.4812785388127854,12.387310318427106,807082781,MSTR  260417C00490000,
C,500.0,2026-04-17T16:00:00-04:00,0.4812785388127854,11.719386019023895,808570951,MSTR  260417C00500000,
C,520.0,2026-04-17T16:00:00-04:00,0.4812785388127854,10.552555578460677,808570996,MSTR  260417C00520000,
C,540.0,2026-04-17T16:00:00-04:00,0.4812785388127854,9.615894006693258,808571063,MSTR  260417C00540000,
C,550.0,2026-04-17T16:00:00-04:00,0.4812785388127854,9.18594946568905,823904725,MSTR  260417C00550000,
C,560.0,2026-04-17T16:00:00-04:00,0.4812785388127854,8.742181484966158,823904803,MSTR  260417C00560000,
C,570.0,2026-04-17T16:00:00-04:00,0.4812785388127854,8.381687492935287,823904823,MSTR  260417C00570000,
C,580.0,2026-04-17T16:00:00-04:00,0.4812785388127854,8.079715878833676,823904842,MSTR  260417C00580000,
C,590.0,2026-04-17T16:00:00-04:00,0.4812785388127854,7.782182676086555,823904859,MSTR  260417C00590000,
C,600.0,2026-04-17T16:00:00-04:00,0.4812785388127854,7.48884075924602,823904872,MSTR  260417C00600000,
C,250.0,2026-05-15T16:00:00-04:00,0.5579908675799087,76.95592055497127,818747162,MSTR  260515C00250000,
C,260.0,2026-05-15T16:00:00-04:00,0.5579908675799087,71.51499443265769,818747192,MSTR  260515C00260000,
C,270.0,2026-05-15T16:00:00-04:00,0.5579908675799087,66.38586503524208,818747227,MSTR  260515C00270000,
C,280.0,2026-05-15T16:00:00-04:00,0.5579908675799087,61.42629710024481,818747251,MSTR  260515C00280000,
C,290.0,2026-05-15T16:00:00-04:00,0.5579908675799087,56.988374944391815,818747276,MSTR  260515C00290000,
C,300.0,2026-05-15T16:00:00-04:00,0.5579908675799087,53.022145967620936,818747307,MSTR  260515C00300000,
C,310.0,2026-05-15T16:00:00-04:00,0.5579908675799087,49.18286192670801,818747327,MSTR  260515C00310000,
C,320.0,2026-05-15T16:00:00-04:00,0.5579908675799087,45.68077561211303,818747341,MSTR  260515C00320000,
C,330.0,2026-05-15T16:00:00-04:00,0.5579908675799087,42.36619287794732,818747356,MSTR  260515C00330000,
C,340.0,2026-05-15T16:00:00-04:00,0.5579908675799087,39.45065744844655,818747377,MSTR  260515C00340000,
C,350.0,2026-05-15T16:00:00-04:00,0.5579908675799087,36.5788233737273,818747390,MSTR  260515C00350000,
C,360.0,2026-05-15T16:00:00-04:00,0.5579908675799087,34.17681839025133,818747406,MSTR  260515C00360000,
C,370.0,2026-05-15T16:00:00-04:00,0.5579908675799087,31.832618381219103,818747418,MSTR  260515C00370000,
C,380.0,2026-05-15T16:00:00-04:00,0.5579908675799087,29.69535077669361,818747433,MSTR  260515C00380000,
C,390.0,2026-05-15T16:00:00-04:00,0.5579908675799087,27.81905735405139,818747448,MSTR  260515C00390000,
C,400.0,2026-05-15T16:00:00-04:00,0.5579908675799087,25.97174859618744,818747466,MSTR  260515C00400000,
C,410.0,2026-05-15T16:00:00-04:00,0.5579908675799087,24.30449452542893,818747486,MSTR  260515C00410000,
C,420.0,2026-05-15T16:00:00-04:00,0.5579908675799087,22.928896716734183,818747507,MSTR  260515C00420000,
C,430.0,2026-05-15T16:00:00-04:00,0.5579908675799087,21.502723475320767,818747516,MSTR  260515C00430000,
C,440.0,2026-05-15T16:00:00-04:00,0.5579908675799087,20.2561325984822,818747538,MSTR  260515C00440000,
C,450.0,2026-05-15T16:00:00-04:00,0.5579908675799087,19.16168943692577,818747549,MSTR  260515C00450000,
C,460.0,2026-05-15T16:00:00-04:00,0.5579908675799087,18.083648255082977,818747563,MSTR  260515C00460000,
C,470.0,2026-05-15T16:00:00-04:00,0.5579908675799087,16.98870048749152,818747578,MSTR  260515C00470000,
C,480.0,2026-05-15T16:00:00-04:00,0.5579908675799087,16.215879717458193,818747591,MSTR  260515C00480000,
C,490.0,2026-05-15T16:00:00-04:00,0.5579908675799087,15.41865310159412,818747606,MSTR  260515C00490000,
C,500.0,2026-05-15T16:00:00-04:00,0.5579908675799087,14.580541897630503,818747616,MSTR  260515C00500000,
C,510.0,2026-05-15T16:00:00-04:00,0.5579908675799087,13.85729672042106,818747633,MSTR  260515C00510000,
C,520.0,2026-05-15T16:00:00-04:00,0.5579908675799087,13.18,818747653,MSTR  260515C00520000,
C,530.0,2026-05-15T16:00:00-04:00,0.5579908675799087,12.702306085218645,818747668,MSTR  260515C00530000,
C,540.0,2026-05-15T16:00:00-04:00,0.5579908675799087,12.14165618988808,818747682,MSTR  260515C00540000,
C,550.0,2026-05-15T16:00:00-04:00,0.5579908675799087,11.542650507616203,818747702,MSTR  260515C00550000,
C,560.0,2026-05-15T16:00:00-04:00,0.5579908675799087,11.062994688873411,818747726,MSTR  260515C00560000,
C,570.0,2026-05-15T16:00:00-04:00,0.5579908675799087,10.667411707931086,818747750,MSTR  260515C00570000,
C,580.0,2026-05-15T16:00:00-04:00,0.5579908675799087,10.276802171142393,818747768,MSTR  260515C00580000,
C,590.0,2026-05-15T16:00:00-04:00,0.5579908675799087,9.890908001513818,818747789,MSTR  260515C00590000,
C,600.0,2026-05-15T16:00:00-04:00,0.5579908675799087,9.509489577947388,818747804,MSTR  260515C00600000,
C,610.0,2026-05-15T16:00:00-04:00,0.5579908675799087,9.132324636965103,818747823,MSTR  260515C00610000,
C,620.0,2026-05-15T16:00:00-04:00,0.5579908675799087,8.800016995538646,818747835,MSTR  260515C00620000,
C,630.0,2026-05-15T16:00:00-04:00,0.5579908675799087,8.537911213268663,818747849,MSTR  260515C00630000,
C,640.0,2026-05-15T16:00:00-04:00,0.5579908675799087,8.278738769187607,818747864,MSTR  260515C00640000,
C,650.0,2026-05-15T16:00:00-04:00,0.5579908675799087,7.978438562394325,818747876,MSTR  260515C00650000,
C,250.0,2026-06-18T16:00:00-04:00,0.6511415525114155,81.16526881760758,688635362,MSTR  260618C00250000,
C,260.0,2026-06-18T16:00:00-04:00,0.6511415525114155,76.09803437125,689769869,MSTR  260618C00260000,
C,270.0,2026-06-18T16:00:00-04:00,0.6511415525114155,71.11494719976403,689769929,MSTR  260618C00270000,
C,280.0,2026-06-18T16:00:00-04:00,0.6511415525114155,66.24605394912909,689769973,MSTR  260618C00280000,
C,290.0,2026-06-18T16:00:00-04:00,0.6511415525114155,62.05891593013248,689770037,MSTR  260618C00290000,
C,300.0,2026-06-18T16:00:00-04:00,0.6511415525114155,57.79843196503377,690241058,MSTR  260618C00300000,
C,310.0,2026-06-18T16:00:00-04:00,0.6511415525114155,53.942934069614736,690241064,MSTR  260618C00310000,
C,320.0,2026-06-18T16:00:00-04:00,0.6511415525114155,50.41556638935299,693647887,MSTR  260618C00320000,
C,330.0,2026-06-18T16:00:00-04:00,0.6511415525114155,47.12061492985925,693647912,MSTR  260618C00330000,
C,340.0,2026-06-18T16:00:00-04:00,0.6511415525114155,44.05484596035815,693647940,MSTR  260618C00340000,
C,350.0,2026-06-18T16:00:00-04:00,0.6511415525114155,41.089296361466005,693647967,MSTR  260618C00350000,
C,360.0,2026-06-18T16:00:00-04:00,0.6511415525114155,38.59704004608268,693647974,MSTR  260618C00360000,
C,370.0,2026-06-18T16:00:00-04:00,0.6511415525114155,36.14196056348752,693647980,MSTR  260618C00370000,
C,380.0,2026-06-18T16:00:00-04:00,0.6511415525114155,33.942510231886125,693647991,MSTR  260618C00380000,
C,390.0,2026-06-18T16:00:00-04:00,0.6511415525114155,31.984853330625537,734255827,MSTR  260618C00390000,
C,400.0,2026-06-18T16:00:00-04:00,0.6511415525114155,29.87928516499448,735080655,MSTR  260618C00400000,
C,410.0,2026-06-18T16:00:00-04:00,0.6511415525114155,28.2843409561579,735080712,MSTR  260618C00410000,
C,420.0,2026-06-18T16:00:00-04:00,0.6511415525114155,26.585335491618807,735080751,MSTR  260618C00420000,
C,430.0,2026-06-18T16:00:00-04:00,0.6511415525114155,25.102805869022816,735311646,MSTR  260618C00430000,
C,440.0,2026-06-18T16:00:00-04:00,0.6511415525114155,23.77863742462282,735311670,MSTR  260618C00440000,
C,450.0,2026-06-18T16:00:00-04:00,0.6511415525114155,22.453178900912672,735311696,MSTR  260618C00450000,
C,460.0,2026-06-18T16:00:00-04:00,0.6511415525114155,21.22357224956529,737929891,MSTR  260618C00460000,
C,470.0,2026-06-18T16:00:00-04:00,0.6511415525114155,20.218022629362327,738397044,MSTR  260618C00470000,
C,480.0,2026-06-18T16:00:00-04:00,0.6511415525114155,19.24146723968876,738397091,MSTR  260618C00480000,
C,490.0,2026-06-18T16:00:00-04:00,0.6511415525114155,18.34692557906146,738397106,MSTR  260618C00490000,
C,500.0,2026-06-18T16:00:00-04:00,0.6511415525114155,17.361506695398162,738397135,MSTR  260618C00500000,
C,510.0,2026-06-18T16:00:00-04:00,0.6511415525114155,16.588273872311156,738397171,MSTR  260618C00510000,
C,520.0,2026-06-18T16:00:00-04:00,0.6511415525114155,15.900873098713523,738571580,MSTR  260618C00520000,
C,530.0,2026-06-18T16:00:00-04:00,0.6511415525114155,15.223681311375838,738571628,MSTR  260618C00530000,
C,540.0,2026-06-18T16:00:00-04:00,0.6511415525114155,14.612980464583869,740653652,MSTR  260618C00540000,
C,550.0,2026-06-18T16:00:00-04:00,0.6511415525114155,13.93834743680719,740653732,MSTR  260618C00550000,
C,560.0,2026-06-18T16:00:00-04:00,0.6511415525114155,13.58,741278339,MSTR  260618C00560000,
C,570.0,2026-06-18T16:00:00-04:00,0.6511415525114155,13.08,741278389,MSTR  260618C00570000,
C,580.0,2026-06-18T16:00:00-04:00,0.6511415525114155,12.58,741278432,MSTR  260618C00580000,
C,590.0,2026-06-18T16:00:00-04:00,0.6511415525114155,12.025319950402343,741278479,MSTR  260618C00590000,
C,600.0,2026-06-18T16:00:00-04:00,0.6511415525114155,11.502980252879178,741278521,MSTR  260618C00600000,
C,610.0,2026-06-18T16:00:00-04:00,0.6511415525114155,11.195765864687248,741278566,MSTR  260618C00610000,
C,620.0,2026-06-18T16:00:00-04:00,0.6511415525114155,10.849818992787922,741278634,MSTR  260618C00620000,
C,630.0,2026-06-18T16:00:00-04:00,0.6511415525114155,10.50704572138164,741278685,MSTR  260618C00630000,
C,640.0,2026-06-18T16:00:00-04:00,0.6511415525114155,10.167212603890777,741278727,MSTR  260618C00640000,
C,650.0,2026-06-18T16:00:00-04:00,0.6511415525114155,9.830111080661167,741278772,MSTR  260618C00650000,
C,660.0,2026-06-18T16:00:00-04:00,0.6511415525114155,9.446724060960689,741278837,MSTR  260618C00660000,
C,670.0,2026-06-18T16:00:00-04:00,0.6511415525114155,9.227899695702186,741278893,MSTR  260618C00670000,
C,680.0,2026-06-18T16:00:00-04:00,0.6511415525114155,8.989351624488345,741278943,MSTR  260618C00680000,
C,690.0,2026-06-18T16:00:00-04:00,0.6511415525114155,8.752466317147817,741279000,MSTR  260618C00690000,
C,700.0,2026-06-18T16:00:00-04:00,0.6511415525114155,8.482224908650528,741279042,MSTR  260618C00700000,
C,710.0,2026-06-18T16:00:00-04:00,0.6511415525114155,8.283312915130484,741539100,MSTR  260618C00710000,
C,720.0,2026-06-18T16:00:00-04:00,0.6511415525114155,8.050893332332686,741539145,MSTR  260618C00720000,
C,730.0,2026-06-18T16:00:00-04:00,0.6511415525114155,7.819833112562226,742233476,MSTR  260618C00730000,
C,740.0,2026-06-18T16:00:00-04:00,0.6511415525114155,7.597872435967939,742233581,MSTR  260618C00740000,
C,750.0,2026-06-18T16:00:00-04:00,0.6511415525114155,7.4124998472814685,742233651,MSTR  260618C00750000,
C,760.0,2026-06-18T16:00:00-04:00,0.6511415525114155,7.285341311111356,742233725,MSTR  260618C00760000,
C,770.0,2026-06-18T16:00:00-04:00,0.6511415525114155,7.118315361881153,744181088,MSTR  260618C00770000,
C,780.0,2026-06-18T16:00:00-04:00,0.6511415525114155,6.960413063037604,744181124,MSTR  260618C00780000,
C,790.0,2026-06-18T16:00:00-04:00,0.6511415525114155,6.803499440605263,744181175,MSTR  260618C00790000,
C,800.0,2026-06-18T16:00:00-04:00,0.6511415525114155,6.619027617649868,744181235,MSTR  260618C00800000,
C,250.0,2026-09-18T16:00:00-04:00,0.9031963470319636,91.31336674851224,798374994,MSTR  260918C00250000,
C,260.0,2026-09-18T16:00:00-04:00,0.9031963470319636,86.27194789686517,798375067,MSTR  260918C00260000,
C,270.0,2026-09-18T16:00:00-04:00,0.9031963470319636,81.62442950176784,798375130,MSTR  260918C00270000,
C,280.0,2026-09-18T16:00:00-04:00,0.9031963470319636,76.94915103628654,798375177,MSTR  260918C00280000,
C,290.0,2026-09-18T16:00:00-04:00,0.9031963470319636,72.78381803052665,798375239,MSTR  260918C00290000,
C,300.0,2026-09-18T16:00:00-04:00,0.9031963470319636,68.8665244020122,798375297,MSTR  260918C00300000,
C,310.0,2026-09-18T16:00:00-04:00,0.9031963470319636,65.07045558415567,798375346,MSTR  260918C00310000,
C,320.0,2026-09-18T16:00:00-04:00,0.9031963470319636,61.67657076307295,798375390,MSTR  260918C00320000,
C,330.0,2026-09-18T16:00:00-04:00,0.9031963470319636,58.34718807207688,798375439,MSTR  260918C00330000,
C,340.0,2026-09-18T16:00:00-04:00,0.9031963470319636,55.32351606213605,798375489,MSTR  260918C00340000,
C,350.0,2026-09-18T16:00:00-04:00,0.9031963470319636,52.62938152066703,798375544,MSTR  260918C00350000,
C,360.0,2026-09-18T16:00:00-04:00,0.9031963470319636,49.82104606269887,798375599,MSTR  260918C00360000,
C,370.0,2026-09-18T16:00:00-04:00,0.9031963470319636,47.268982317988055,798375652,MSTR  260918C00370000,
C,380.0,2026-09-18T16:00:00-04:00,0.9031963470319636,45.06068116031417,798375696,MSTR  260918C00380000,
C,390.0,2026-09-18T16:00:00-04:00,0.9031963470319636,42.87,798375764,MSTR  260918C00390000,
C,400.0,2026-09-18T16:00:00-04:00,0.9031963470319636,40.8,798375837,MSTR  260918C00400000,
C,410.0,2026-09-18T16:00:00-04:00,0.9031963470319636,38.8,798375900,MSTR  260918C00410000,
C,420.0,2026-09-18T16:00:00-04:00,0.9031963470319636,37.06,798375948,MSTR  260918C00420000,
C,430.0,2026-09-18T16:00:00-04:00,0.9031963470319636,35.32,798376002,MSTR  260918C00430000,
C,440.0,2026-09-18T16:00:00-04:00,0.9031963470319636,33.75,798376065,MSTR  260918C00440000,
C,450.0,2026-09-18T16:00:00-04:00,0.9031963470319636,32.20211101715044,798376125,MSTR  260918C00450000,
C,460.0,2026-09-18T16:00:00-04:00,0.9031963470319636,30.74264855379907,798376173,MSTR  260918C00460000,
C,470.0,2026-09-18T16:00:00-04:00,0.9031963470319636,29.62894139017724,798376234,MSTR  260918C00470000,
C,480.0,2026-09-18T16:00:00-04:00,0.9031963470319636,28.4387950328675,798376292,MSTR  260918C00480000,
C,490.0,2026-09-18T16:00:00-04:00,0.9031963470319636,27.261736251401263,798376365,MSTR  260918C00490000,
C,500.0,2026-09-18T16:00:00-04:00,0.9031963470319636,26.017064659064147,798376422,MSTR  260918C00500000,
C,510.0,2026-09-18T16:00:00-04:00,0.9031963470319636,25.174556130354173,798376479,MSTR  260918C00510000,
C,520.0,2026-09-18T16:00:00-04:00,0.9031963470319636,24.17,798376522,MSTR  260918C00520000,
C,530.0,2026-09-18T16:00:00-04:00,0.9031963470319636,23.23,798376594,MSTR  260918C00530000,
C,540.0,2026-09-18T16:00:00-04:00,0.9031963470319636,22.42,798376662,MSTR  260918C00540000,
C,550.0,2026-09-18T16:00:00-04:00,0.9031963470319636,21.64566219212191,798376719,MSTR  260918C00550000,
C,560.0,2026-09-18T16:00:00-04:00,0.9031963470319636,20.95992131701899,798376782,MSTR  260918C00560000,
C,570.0,2026-09-18T16:00:00-04:00,0.9031963470319636,20.28069755907289,798376812,MSTR  260918C00570000,
C,580.0,2026-09-18T16:00:00-04:00,0.9031963470319636,19.60762099783815,798376864,MSTR  260918C00580000,
C,590.0,2026-09-18T16:00:00-04:00,0.9031963470319636,18.940336578347303,798376932,MSTR  260918C00590000,
C,600.0,2026-09-18T16:00:00-04:00,0.9031963470319636,18.227276178239883,798377009,MSTR  260918C00600000,
C,610.0,2026-09-18T16:00:00-04:00,0.9031963470319636,17.758423283824204,798377072,MSTR  260918C00610000,
C,620.0,2026-09-18T16:00:00-04:00,0.9031963470319636,17.15,798377128,MSTR  260918C00620000,
C,630.0,2026-09-18T16:00:00-04:00,0.9031963470319636,16.6,798377190,MSTR  260918C00630000,
C,640.0,2026-09-18T16:00:00-04:00,0.9031963470319636,16.27099960282441,798377245,MSTR  260918C00640000,
C,650.0,2026-09-18T16:00:00-04:00,0.9031963470319636,15.782114349493966,798377322,MSTR  260918C00650000,
C,660.0,2026-09-18T16:00:00-04:00,0.9031963470319636,15.296294304135092,798377394,MSTR  260918C00660000,
C,670.0,2026-09-18T16:00:00-04:00,0.9031963470319636,14.877358570698444,798377438,MSTR  260918C00670000,
C,680.0,2026-09-18T16:00:00-04:00,0.9031963470319636,14.51698996227196,798377489,MSTR  260918C00680000,
C,690.0,2026-09-18T16:00:00-04:00,0.9031963470319636,14.158593848216167,798377552,MSTR  260918C00690000,
C,700.0,2026-09-18T16:00:00-04:00,0.9031963470319636,13.760140563152662,798377608,MSTR  260918C00700000,
C,710.0,2026-09-18T16:00:00-04:00,0.9031963470319636,13.410400606060891,798377673,MSTR  260918C00710000,
C,720.0,2026-09-18T16:00:00-04:00,0.9031963470319636,13.056882034293563,798377693,MSTR  260918C00720000,
C,730.0,2026-09-18T16:00:00-04:00,0.9031963470319636,12.704696402889928,798377754,MSTR  260918C00730000,
C,740.0,2026-09-18T16:00:00-04:00,0.9031963470319636,12.36024907335425,798377802,MSTR  260918C00740000,
C,750.0,2026-09-18T16:00:00-04:00,0.9031963470319636,12.13353996851063,798377862,MSTR  260918C00750000,
C,760.0,2026-09-18T16:00:00-04:00,0.9031963470319636,11.877185337483793,798377914,MSTR  260918C00760000,
C,770.0,2026-09-18T16:00:00-04:00,0.9031963470319636,11.621421233911416,798377967,MSTR  260918C00770000,
C,780.0,2026-09-18T16:00:00-04:00,0.9031963470319636,11.366143876093975,798378022,MSTR  260918C00780000,
C,790.0,2026-09-18T16:00:00-04:00,0.9031963470319636,11.11125334573914,798378082,MSTR  260918C00790000,
C,800.0,2026-09-18T16:00:00-04:00,0.9031963470319636,10.856653420962346,798378121,MSTR  260918C00800000,
C,250.0,2026-12-18T16:00:00-05:00,1.1526255707762556,99.81620564579808,746822894,MSTR  261218C00250000,
C,260.0,2026-12-18T16:00:00-05:00,1.1526255707762556,95.12382731201954,744183662,MSTR  261218C00260000,
C,270.0,2026-12-18T16:00:00-05:00,1.1526255707762556,90.63674490761922,746822956,MSTR  261218C00270000,
C,280.0,2026-12-18T16:00:00-05:00,1.1526255707762556,86.47345279184951,744183690,MSTR  261218C00280000,
C,290.0,2026-12-18T16:00:00-05:00,1.1526255707762556,82.2426366855845,746823015,MSTR  261218C00290000,
C,300.0,2026-12-18T16:00:00-05:00,1.1526255707762556,78.54851006021289,744183731,MSTR  261218C00300000,
C,310.0,2026-12-18T16:00:00-05:00,1.1526255707762556,74.74081265854097,746823058,MSTR  261218C00310000,
C,320.0,2026-12-18T16:00:00-05:00,1.1526255707762556,71.58042180569825,744183765,MSTR  261218C00320000,
C,330.0,2026-12-18T16:00:00-05:00,1.1526255707762556,68.35048834701801,746823106,MSTR  261218C00330000,
C,340.0,2026-12-18T16:00:00-05:00,1.1526255707762556,65.15305719693866,744183794,MSTR  261218C00340000,
C,350.0,2026-12-18T16:00:00-05:00,1.1526255707762556,62.39095226833596,746823175,MSTR  261218C00350000,
C,360.0,2026-12-18T16:00:00-05:00,1.1526255707762556,59.56086378127546,744183840,MSTR  261218C00360000,
C,370.0,2026-12-18T16:00:00-05:00,1.1526255707762556,56.98296691039079,746823230,MSTR  261218C00370000,
C,380.0,2026-12-18T16:00:00-05:00,1.1526255707762556,54.64179688560103,744183881,MSTR  261218C00380000,
C,390.0,2026-12-18T16:00:00-05:00,1.1526255707762556,52.38595477719184,746823296,MSTR  261218C00390000,
C,400.0,2026-12-18T16:00:00-05:00,1.1526255707762556,49.97944198129623,744183918,MSTR  261218C00400000,
C,410.0,2026-12-18T16:00:00-05:00,1.1526255707762556,48.01451056749163,746823353,MSTR  261218C00410000,
C,420.0,2026-12-18T16:00:00-05:00,1.1526255707762556,46.22798406870904,744183956,MSTR  261218C00420000,
C,430.0,2026-12-18T16:00:00-05:00,1.1526255707762556,44.24834135367374,746823421,MSTR  261218C00430000,
C,440.0,2026-12-18T16:00:00-05:00,1.1526255707762556,42.58184050844976,744183987,MSTR  261218C00440000,
C,450.0,2026-12-18T16:00:00-05:00,1.1526255707762556,40.85603554827969,746823472,MSTR  261218C00450000,
C,460.0,2026-12-18T16:00:00-05:00,1.1526255707762556,39.39233889643352,744184011,MSTR  261218C00460000,
C,470.0,2026-12-18T16:00:00-05:00,1.1526255707762556,38.04190116446017,746823516,MSTR  261218C00470000,
C,480.0,2026-12-18T16:00:00-05:00,1.1526255707762556,36.72429749220288,744184044,MSTR  261218C00480000,
C,490.0,2026-12-18T16:00:00-05:00,1.1526255707762556,35.261468318801,746823583,MSTR  261218C00490000,
C,500.0,2026-12-18T16:00:00-05:00,1.1526255707762556,34.015508462090125,744184073,MSTR  261218C00500000,
C,510.0,2026-12-18T16:00:00-05:00,1.1526255707762556,32.97014796291407,747875126,MSTR  261218C00510000,
C,520.0,2026-12-18T16:00:00-05:00,1.1526255707762556,31.84077044607312,744184100,MSTR  261218C00520000,
C,530.0,2026-12-18T16:00:00-05:00,1.1526255707762556,30.72164269093913,747875180,MSTR  261218C00530000,
C,540.0,2026-12-18T16:00:00-05:00,1.1526255707762556,29.72804860047025,744184130,MSTR  261218C00540000,
C,550.0,2026-12-18T16:00:00-05:00,1.1526255707762556,28.76908034952675,747875252,MSTR  261218C00550000,
C,560.0,2026-12-18T16:00:00-05:00,1.1526255707762556,27.983117994655757,744184147,MSTR  261218C00560000,
C,570.0,2026-12-18T16:00:00-05:00,1.1526255707762556,27.23,747875365,MSTR  261218C00570000,
C,580.0,2026-12-18T16:00:00-05:00,1.1526255707762556,26.46,744184175,MSTR  261218C00580000,
C,590.0,2026-12-18T16:00:00-05:00,1.1526255707762556,25.69,747875425,MSTR  261218C00590000,
C,600.0,2026-12-18T16:00:00-05:00,1.1526255707762556,24.93,744184196,MSTR  261218C00600000,
C,610.0,2026-12-18T16:00:00-05:00,1.1526255707762556,24.18,747875596,MSTR  261218C00610000,
C,620.0,2026-12-18T16:00:00-05:00,1.1526255707762556,23.46169571479252,744184227,MSTR  261218C00620000,
C,630.0,2026-12-18T16:00:00-05:00,1.1526255707762556,22.82176458821132,747875670,MSTR  261218C00630000,
C,640.0,2026-12-18T16:00:00-05:00,1.1526255707762556,22.18674603001516,744184247,MSTR  261218C00640000,
C,650.0,2026-12-18T16:00:00-05:00,1.1526255707762556,21.55642131192661,747875743,MSTR  261218C00650000,
C,660.0,2026-12-18T16:00:00-05:00,1.1526255707762556,20.996586586402884,744184276,MSTR  261218C00660000,
C,670.0,2026-12-18T16:00:00-05:00,1.1526255707762556,20.5213311904112,747875855,MSTR  261218C00670000,
C,680.0,2026-12-18T16:00:00-05:00,1.1526255707762556,20.04950550583985,744184310,MSTR  261218C00680000,
C,690.0,2026-12-18T16:00:00-05:00,1.1526255707762556,19.58094116813482,747875900,MSTR  261218C00690000,
C,700.0,2026-12-18T16:00:00-05:00,1.1526255707762556,19.06928243190843,744184337,MSTR  261218C00700000,
C,710.0,2026-12-18T16:00:00-05:00,1.1526255707762556,18.65294867677302,747876027,MSTR  261218C00710000,
C,720.0,2026-12-18T16:00:00-05:00,1.1526255707762556,18.193208844252226,744184365,MSTR  261218C00720000,
C,730.0,2026-12-18T16:00:00-05:00,1.1526255707762556,17.736106685347092,747876078,MSTR  261218C00730000,
C,740.0,2026-12-18T16:00:00-05:00,1.1526255707762556,17.367658625102415,744184385,MSTR  261218C00740000,
C,750.0,2026-12-18T16:00:00-05:00,1.1526255707762556,16.984990942730814,747876151,MSTR  261218C00750000,
C,760.0,2026-12-18T16:00:00-05:00,1.1526255707762556,16.693215492294787,744184419,MSTR  261218C00760000,
C,770.0,2026-12-18T16:00:00-05:00,1.1526255707762556,16.358593912048857,747876267,MSTR  261218C00770000,
C,780.0,2026-12-18T16:00:00-05:00,1.1526255707762556,16.02555949884222,744184445,MSTR  261218C00780000,
C,790.0,2026-12-18T16:00:00-05:00,1.1526255707762556,15.694006767339395,747876335,MSTR  261218C00790000,
C,800.0,2026-12-18T16:00:00-05:00,1.1526255707762556,15.298506326330312,744184473,MSTR  261218C00800000,
C,250.0,2027-01-15T16:00:00-05:00,1.229337899543379,102.32252947052493,732649537,MSTR  270115C00250000,
C,260.0,2027-01-15T16:00:00-05:00,1.229337899543379,97.44632105999032,732649552,MSTR  270115C00260000,
C,270.0,2027-01-15T16:00:00-05:00,1.229337899543379,93.17127525386154,732649567,MSTR  270115C00270000,
C,280.0,2027-01-15T16:00:00-05:00,1.229337899543379,89.02713379283874,732649592,MSTR  270115C00280000,
C,290.0,2027-01-15T16:00:00-05:00,1.229337899543379,85.12610787169774,732649608,MSTR  270115C00290000,
C,300.0,2027-01-15T16:00:00-05:00,1.229337899543379,81.21504443020007,732649637,MSTR  270115C00300000,
C,310.0,2027-01-15T16:00:00-05:00,1.229337899543379,77.54485098531211,732649649,MSTR  270115C00310000,
C,320.0,2027-01-15T16:00:00-05:00,1.229337899543379,74.40000152608904,732649670,MSTR  270115C00320000,
C,330.0,2027-01-15T16:00:00-05:00,1.229337899543379,71.05381337574161,732649688,MSTR  270115C00330000,
C,340.0,2027-01-15T16:00:00-05:00,1.229337899543379,68.07485077387935,732649707,MSTR  270115C00340000,
C,350.0,2027-01-15T16:00:00-05:00,1.229337899543379,65.23593996684049,732649727,MSTR  270115C00350000,
C,360.0,2027-01-15T16:00:00-05:00,1.229337899543379,62.69956569429706,734255882,MSTR  270115C00360000,
C,370.0,2027-01-15T16:00:00-05:00,1.229337899543379,59.99880224559013,734255892,MSTR  270115C00370000,
C,380.0,2027-01-15T16:00:00-05:00,1.229337899543379,57.46347101467797,734255906,MSTR  270115C00380000,
C,390.0,2027-01-15T16:00:00-05:00,1.229337899543379,55.38066025466839,734255917,MSTR  270115C00390000,
C,400.0,2027-01-15T16:00:00-05:00,1.229337899543379,53.026997604646034,735080927,MSTR  270115C00400000,
C,410.0,2027-01-15T16:00:00-05:00,1.229337899543379,50.96087830943655,735080961,MSTR  270115C00410000,
C,420.0,2027-01-15T16:00:00-05:00,1.229337899543379,48.968908130516034,735081001,MSTR  270115C00420000,
C,430.0,2027-01-15T16:00:00-05:00,1.229337899543379,47.2676690053431,735311820,MSTR  270115C00430000,
C,440.0,2027-01-15T16:00:00-05:00,1.229337899543379,45.460744583752216,735311841,MSTR  270115C00440000,
C,450.0,2027-01-15T16:00:00-05:00,1.229337899543379,43.54813112766549,735311856,MSTR  270115C00450000,
C,460.0,2027-01-15T16:00:00-05:00,1.229337899543379,42.18812055107651,737930009,MSTR  270115C00460000,
C,470.0,2027-01-15T16:00:00-05:00,1.229337899543379,40.73606843508536,738397365,MSTR  270115C00470000,
C,480.0,2027-01-15T16:00:00-05:00,1.229337899543379,39.29753823349728,738397389,MSTR  270115C00480000,
C,490.0,2027-01-15T16:00:00-05:00,1.229337899543379,37.87177067041956,738397425,MSTR  270115C00490000,
C,500.0,2027-01-15T16:00:00-05:00,1.229337899543379,36.4916038632068,738397455,MSTR  270115C00500000,
C,510.0,2027-01-15T16:00:00-05:00,1.229337899543379,35.44922407931163,738397480,MSTR  270115C00510000,
C,520.0,2027-01-15T16:00:00-05:00,1.229337899543379,34.224637829468016,738571779,MSTR  270115C00520000,
C,530.0,2027-01-15T16:00:00-05:00,1.229337899543379,33.201938801456215,738571829,MSTR  270115C00530000,
C,540.0,2027-01-15T16:00:00-05:00,1.229337899543379,32.092373679472225,740653932,MSTR  270115C00540000,
C,550.0,2027-01-15T16:00:00-05:00,1.229337899543379,30.986327865064727,740654011,MSTR  270115C00550000,
C,560.0,2027-01-15T16:00:00-05:00,1.229337899543379,30.1431554268608,741279799,MSTR  270115C00560000,
C,570.0,2027-01-15T16:00:00-05:00,1.229337899543379,29.47,741279835,MSTR  270115C00570000,
C,580.0,2027-01-15T16:00:00-05:00,1.229337899543379,28.49710194255704,741279881,MSTR  270115C00580000,
C,590.0,2027-01-15T16:00:00-05:00,1.229337899543379,27.64820028550922,741279918,MSTR  270115C00590000,
C,600.0,2027-01-15T16:00:00-05:00,1.229337899543379,26.721909980374058,741279958,MSTR  270115C00600000,
C,610.0,2027-01-15T16:00:00-05:00,1.229337899543379,26.07792162190804,741279995,MSTR  270115C00610000,
C,620.0,2027-01-15T16:00:00-05:00,1.229337899543379,25.42972096493838,741280040,MSTR  270115C00620000,
C,630.0,2027-01-15T16:00:00-05:00,1.229337899543379,24.786626558365345,741280095,MSTR  270115C00630000,
C,640.0,2027-01-15T16:00:00-05:00,1.229337899543379,24.148438058671648,741280150,MSTR  270115C00640000,
C,650.0,2027-01-15T16:00:00-05:00,1.229337899543379,23.514959959669,741280204,MSTR  270115C00650000,
C,660.0,2027-01-15T16:00:00-05:00,1.229337899543379,22.886001593973536,741280262,MSTR  270115C00660000,
C,670.0,2027-01-15T16:00:00-05:00,1.229337899543379,22.261377109765625,741280309,MSTR  270115C00670000,
C,680.0,2027-01-15T16:00:00-05:00,1.229337899543379,21.754608878951647,741280369,MSTR  270115C00680000,
C,690.0,2027-01-15T16:00:00-05:00,1.229337899543379,21.28311616697293,741280405,MSTR  270115C00690000,
C,700.0,2027-01-15T16:00:00-05:00,1.229337899543379,20.75293384141667,741280439,MSTR  270115C00700000,
C,710.0,2027-01-15T16:00:00-05:00,1.229337899543379,20.349584802659223,741539325,MSTR  270115C00710000,
C,720.0,2027-01-15T16:00:00-05:00,1.229337899543379,19.887259340890388,741539366,MSTR  270115C00720000,
C,730.0,2027-01-15T16:00:00-05:00,1.229337899543379,19.427709452335325,742234181,MSTR  270115C00730000,
C,740.0,2027-01-15T16:00:00-05:00,1.229337899543379,18.970801530750908,742234293,MSTR  270115C00740000,
C,750.0,2027-01-15T16:00:00-05:00,1.229337899543379,18.516405722061236,742234353,MSTR  270115C00750000,
C,760.0,2027-01-15T16:00:00-05:00,1.229337899543379,18.145504463093577,742234425,MSTR  270115C00760000,
C,770.0,2027-01-15T16:00:00-05:00,1.229337899543379,17.8090456281243,743589737,MSTR  270115C00770000,
C,780.0,2027-01-15T16:00:00-05:00,1.229337899543379,17.46060519640231,743589767,MSTR  270115C00780000,
C,790.0,2027-01-15T16:00:00-05:00,1.229337899543379,17.141278737831353,743589779,MSTR  270115C00790000,
C,800.0,2027-01-15T16:00:00-05:00,1.229337899543379,16.757285488261168,743589797,MSTR  270115C00800000,
C,250.0,2027-06-17T16:00:00-04:00,1.6484018264840183,114.02369722055448,757331659,MSTR  270617C00250000,
C,260.0,2027-06-17T16:00:00-04:00,1.6484018264840183,109.82194901350304,757331704,MSTR  270617C00260000,
C,270.0,2027-06-17T16:00:00-04:00,1.6484018264840183,105.75312974069152,757331745,MSTR  270617C00270000,
C,280.0,2027-06-17T16:00:00-04:00,1.6484018264840183,101.71867577287824,757331798,MSTR  270617C00280000,
C,290.0,2027-06-17T16:00:00-04:00,1.6484018264840183,97.94999694312254,757331835,MSTR  270617C00290000,
C,300.0,2027-06-17T16:00:00-04:00,1.6484018264840183,94.2919539602781,757331871,MSTR  270617C00300000,
C,310.0,2027-06-17T16:00:00-04:00,1.6484018264840183,90.86814081136538,757331909,MSTR  270617C00310000,
C,320.0,2027-06-17T16:00:00-04:00,1.6484018264840183,87.53077105992513,757331949,MSTR  270617C00320000,
C,330.0,2027-06-17T16:00:00-04:00,1.6484018264840183,84.51572539192772,757331992,MSTR  270617C00330000,
C,340.0,2027-06-17T16:00:00-04:00,1.6484018264840183,81.50529068023006,757332031,MSTR  270617C00340000,
C,350.0,2027-06-17T16:00:00-04:00,1.6484018264840183,78.48861269044981,757332064,MSTR  270617C00350000,
C,360.0,2027-06-17T16:00:00-04:00,1.6484018264840183,75.95341462334096,757332100,MSTR  270617C00360000,
C,370.0,2027-06-17T16:00:00-04:00,1.6484018264840183,73.4263732216356,757332146,MSTR  270617C00370000,
C,380.0,2027-06-17T16:00:00-04:00,1.6484018264840183,71.6,757332177,MSTR  270617C00380000,
C,390.0,2027-06-17T16:00:00-04:00,1.6484018264840183,69.25,757332205,MSTR  270617C00390000,
C,400.0,2027-06-17T16:00:00-04:00,1.6484018264840183,67.06,757332252,MSTR  270617C00400000,
C,410.0,2027-06-17T16:00:00-04:00,1.6484018264840183,64.88,757332297,MSTR  270617C00410000,
C,420.0,2027-06-17T16:00:00-04:00,1.6484018264840183,62.11178778146488,757332331,MSTR  270617C00420000,
C,430.0,2027-06-17T16:00:00-04:00,1.6484018264840183,60.22540907643826,757332372,MSTR  270617C00430000,
C,440.0,2027-06-17T16:00:00-04:00,1.6484018264840183,58.24375178152832,757332409,MSTR  270617C00440000,
C,450.0,2027-06-17T16:00:00-04:00,1.6484018264840183,56.75689248359489,757332447,MSTR  270617C00450000,
C,460.0,2027-06-17T16:00:00-04:00,1.6484018264840183,54.895658381408886,757332477,MSTR  270617C00460000,
C,470.0,2027-06-17T16:00:00-04:00,1.6484018264840183,53.45441236661609,757332501,MSTR  270617C00470000,
C,480.0,2027-06-17T16:00:00-04:00,1.6484018264840183,51.822364917106526,757332544,MSTR  270617C00480000,
C,490.0,2027-06-17T16:00:00-04:00,1.6484018264840183,50.435581421194925,757332589,MSTR  270617C00490000,
C,500.0,2027-06-17T16:00:00-04:00,1.6484018264840183,48.90528219843274,757332644,MSTR  270617C00500000,
C,510.0,2027-06-17T16:00:00-04:00,1.6484018264840183,47.80098237706687,757332763,MSTR  270617C00510000,
C,520.0,2027-06-17T16:00:00-04:00,1.6484018264840183,46.4972075098639,757332811,MSTR  270617C00520000,
C,530.0,2027-06-17T16:00:00-04:00,1.6484018264840183,45.20183650568337,757332850,MSTR  270617C00530000,
C,540.0,2027-06-17T16:00:00-04:00,1.6484018264840183,43.8732236499421,757332892,MSTR  270617C00540000,
C,550.0,2027-06-17T16:00:00-04:00,1.6484018264840183,42.94653800540932,757332937,MSTR  270617C00550000,
C,560.0,2027-06-17T16:00:00-04:00,1.6484018264840183,41.91965416856589,757333014,MSTR  270617C00560000,
C,570.0,2027-06-17T16:00:00-04:00,1.6484018264840183,40.89893964528373,757333054,MSTR  270617C00570000,
C,580.0,2027-06-17T16:00:00-04:00,1.6484018264840183,39.88412956105086,757333114,MSTR  270617C00580000,
C,590.0,2027-06-17T16:00:00-04:00,1.6484018264840183,38.87492672551127,757333159,MSTR  270617C00590000,
C,600.0,2027-06-17T16:00:00-04:00,1.6484018264840183,37.755599619932894,757333198,MSTR  270617C00600000,
C,610.0,2027-06-17T16:00:00-04:00,1.6484018264840183,37.054559834186726,757333277,MSTR  270617C00610000,
C,620.0,2027-06-17T16:00:00-04:00,1.6484018264840183,36.267074131040246,757333320,MSTR  270617C00620000,
C,630.0,2027-06-17T16:00:00-04:00,1.6484018264840183,35.48359085225664,757333377,MSTR  270617C00630000,
C,640.0,2027-06-17T16:00:00-04:00,1.6484018264840183,34.70389903121964,757333432,MSTR  270617C00640000,
C,650.0,2027-06-17T16:00:00-04:00,1.6484018264840183,33.76039558100084,757333514,MSTR  270617C00650000,
C,660.0,2027-06-17T16:00:00-04:00,1.6484018264840183,33.1550707797341,757333623,MSTR  270617C00660000,
C,670.0,2027-06-17T16:00:00-04:00,1.6484018264840183,32.38553798176415,757333681,MSTR  270617C00670000,
C,680.0,2027-06-17T16:00:00-04:00,1.6484018264840183,31.697224938078904,757333759,MSTR  270617C00680000,
C,690.0,2027-06-17T16:00:00-04:00,1.6484018264840183,31.103158802695376,757333810,MSTR  270617C00690000,
C,700.0,2027-06-17T16:00:00-04:00,1.6484018264840183,30.33466124853084,757333875,MSTR  270617C00700000,
C,710.0,2027-06-17T16:00:00-04:00,1.6484018264840183,29.921555442373023,757333980,MSTR  270617C00710000,
C,720.0,2027-06-17T16:00:00-04:00,1.6484018264840183,29.333718145510925,757334028,MSTR  270617C00720000,
C,730.0,2027-06-17T16:00:00-04:00,1.6484018264840183,28.74766520883464,757334069,MSTR  270617C00730000,
C,740.0,2027-06-17T16:00:00-04:00,1.6484018264840183,27.98377214564356,757334127,MSTR  270617C00740000,
C,750.0,2027-06-17T16:00:00-04:00,1.6484018264840183,27.417284522682248,781029961,MSTR  270617C00750000,
C,760.0,2027-06-17T16:00:00-04:00,1.6484018264840183,26.998854518503155,781029981,MSTR  270617C00760000,
C,770.0,2027-06-17T16:00:00-04:00,1.6484018264840183,26.524612604055427,781734091,MSTR  270617C00770000,
C,780.0,2027-06-17T16:00:00-04:00,1.6484018264840183,26.08227185809696,781734135,MSTR  270617C00780000,
C,790.0,2027-06-17T16:00:00-04:00,1.6484018264840183,25.640741152534964,781734177,MSTR  270617C00790000,
C,800.0,2027-06-17T16:00:00-04:00,1.6484018264840183,25.19992270037338,783286799,MSTR  270617C00800000,
C,250.0,2027-09-17T16:00:00-04:00,1.900456621004566,120.49625964016798,800866696,MSTR  270917C00250000,
C,260.0,2027-09-17T16:00:00-04:00,1.900456621004566,116.3884654974976,800866747,MSTR  270917C00260000,
C,270.0,2027-09-17T16:00:00-04:00,1.900456621004566,112.45507098612129,800866798,MSTR  270917C00270000,
C,280.0,2027-09-17T16:00:00-04:00,1.900456621004566,108.55019830423792,800866845,MSTR  270917C00280000,
C,290.0,2027-09-17T16:00:00-04:00,1.900456621004566,104.90344164466867,800866899,MSTR  270917C00290000,
C,300.0,2027-09-17T16:00:00-04:00,1.900456621004566,101.49061183993798,800866960,MSTR  270917C00300000,
C,310.0,2027-09-17T16:00:00-04:00,1.900456621004566,98.10380506268342,800867013,MSTR  270917C00310000,
C,320.0,2027-09-17T16:00:00-04:00,1.900456621004566,94.7790499252536,800867059,MSTR  270917C00320000,
C,330.0,2027-09-17T16:00:00-04:00,1.900456621004566,91.64905618774849,800867109,MSTR  270917C00330000,
C,340.0,2027-09-17T16:00:00-04:00,1.900456621004566,88.9651827716018,800867179,MSTR  270917C00340000,
C,350.0,2027-09-17T16:00:00-04:00,1.900456621004566,86.0922598298059,800867217,MSTR  270917C00350000,
C,360.0,2027-09-17T16:00:00-04:00,1.900456621004566,83.35865632640967,800867268,MSTR  270917C00360000,
C,370.0,2027-09-17T16:00:00-04:00,1.900456621004566,80.80446005774256,800867325,MSTR  270917C00370000,
C,380.0,2027-09-17T16:00:00-04:00,1.900456621004566,78.65302109576459,800867368,MSTR  270917C00380000,
C,390.0,2027-09-17T16:00:00-04:00,1.900456621004566,75.9166595152069,800867413,MSTR  270917C00390000,
C,400.0,2027-09-17T16:00:00-04:00,1.900456621004566,73.68356046044424,800867464,MSTR  270917C00400000,
C,410.0,2027-09-17T16:00:00-04:00,1.900456621004566,71.74455441004478,800867515,MSTR  270917C00410000,
C,420.0,2027-09-17T16:00:00-04:00,1.900456621004566,69.7546183828532,800867556,MSTR  270917C00420000,
C,430.0,2027-09-17T16:00:00-04:00,1.900456621004566,68.63,800867600,MSTR  270917C00430000,
C,440.0,2027-09-17T16:00:00-04:00,1.900456621004566,66.72,800867648,MSTR  270917C00440000,
C,450.0,2027-09-17T16:00:00-04:00,1.900456621004566,64.87,800867693,MSTR  270917C00450000,
C,460.0,2027-09-17T16:00:00-04:00,1.900456621004566,63.08,800867745,MSTR  270917C00460000,
C,470.0,2027-09-17T16:00:00-04:00,1.900456621004566,60.77686916050586,800867818,MSTR  270917C00470000,
C,480.0,2027-09-17T16:00:00-04:00,1.900456621004566,59.18898544101116,800867847,MSTR  270917C00480000,
C,490.0,2027-09-17T16:00:00-04:00,1.900456621004566,57.612293199697305,800867907,MSTR  270917C00490000,
C,500.0,2027-09-17T16:00:00-04:00,1.900456621004566,56.0153135412217,800867962,MSTR  270917C00500000,
C,520.0,2027-09-17T16:00:00-04:00,1.900456621004566,53.49814410785315,800868013,MSTR  270917C00520000,
C,540.0,2027-09-17T16:00:00-04:00,1.900456621004566,50.9900759903658,800868073,MSTR  270917C00540000,
C,560.0,2027-09-17T16:00:00-04:00,1.900456621004566,48.4795290951553,800868132,MSTR  270917C00560000,
C,580.0,2027-09-17T16:00:00-04:00,1.900456621004566,46.496350973597714,800868185,MSTR  270917C00580000,
C,600.0,2027-09-17T16:00:00-04:00,1.900456621004566,44.54851610394332,800868245,MSTR  270917C00600000,
C,620.0,2027-09-17T16:00:00-04:00,1.900456621004566,42.62158239728756,800868308,MSTR  270917C00620000,
C,640.0,2027-09-17T16:00:00-04:00,1.900456621004566,40.84186228699844,800868370,MSTR  270917C00640000,
C,660.0,2027-09-17T16:00:00-04:00,1.900456621004566,39.34785108431279,800868441,MSTR  270917C00660000,
C,250.0,2027-12-17T16:00:00-05:00,2.1498858447488582,127.12745467851876,766254294,MSTR  271217C00250000,
C,260.0,2027-12-17T16:00:00-05:00,2.1498858447488582,123.47038921569424,766254324,MSTR  271217C00260000,
C,270.0,2027-12-17T16:00:00-05:00,2.1498858447488582,119.66264102077756,766254366,MSTR  271217C00270000,
C,280.0,2027-12-17T16:00:00-05:00,2.1498858447488582,115.68443323649733,766254404,MSTR  271217C00280000,
C,290.0,2027-12-17T16:00:00-05:00,2.1498858447488582,112.05567045162525,766254441,MSTR  271217C00290000,
C,300.0,2027-12-17T16:00:00-05:00,2.1498858447488582,108.75722425493878,766254486,MSTR  271217C00300000,
C,310.0,2027-12-17T16:00:00-05:00,2.1498858447488582,105.7289731545764,766254526,MSTR  271217C00310000,
C,320.0,2027-12-17T16:00:00-05:00,2.1498858447488582,102.18305855229856,766254564,MSTR  271217C00320000,
C,330.0,2027-12-17T16:00:00-05:00,2.1498858447488582,99.356121712536,766254610,MSTR  271217C00330000,
C,340.0,2027-12-17T16:00:00-05:00,2.1498858447488582,96.55889861497909,766254640,MSTR  271217C00340000,
C,350.0,2027-12-17T16:00:00-05:00,2.1498858447488582,93.6135443794397,766254681,MSTR  271217C00350000,
C,360.0,2027-12-17T16:00:00-05:00,2.1498858447488582,91.11756158528571,766254721,MSTR  271217C00360000,
C,370.0,2027-12-17T16:00:00-05:00,2.1498858447488582,88.38862287496947,766254755,MSTR  271217C00370000,
C,380.0,2027-12-17T16:00:00-05:00,2.1498858447488582,85.98458019427576,766254784,MSTR  271217C00380000,
C,390.0,2027-12-17T16:00:00-05:00,2.1498858447488582,83.89901927213691,766254824,MSTR  271217C00390000,
C,400.0,2027-12-17T16:00:00-05:00,2.1498858447488582,81.3175773142266,766254861,MSTR  271217C00400000,
C,410.0,2027-12-17T16:00:00-05:00,2.1498858447488582,79.29444089707921,766254885,MSTR  271217C00410000,
C,420.0,2027-12-17T16:00:00-05:00,2.1498858447488582,77.3294122137076,766254915,MSTR  271217C00420000,
C,430.0,2027-12-17T16:00:00-05:00,2.1498858447488582,75.377471372022,766254941,MSTR  271217C00430000,
C,440.0,2027-12-17T16:00:00-05:00,2.1498858447488582,73.43825285005381,766254960,MSTR  271217C00440000,
C,450.0,2027-12-17T16:00:00-05:00,2.1498858447488582,71.29602969187634,766254991,MSTR  271217C00450000,
C,460.0,2027-12-17T16:00:00-05:00,2.1498858447488582,69.61855299662159,766255016,MSTR  271217C00460000,
C,470.0,2027-12-17T16:00:00-05:00,2.1498858447488582,68.02994690406076,766255041,MSTR  271217C00470000,
C,480.0,2027-12-17T16:00:00-05:00,2.1498858447488582,66.25059252389534,766255078,MSTR  271217C00480000,
C,490.0,2027-12-17T16:00:00-05:00,2.1498858447488582,64.88465547332864,766255101,MSTR  271217C00490000,
C,500.0,2027-12-17T16:00:00-05:00,2.1498858447488582,63.13064682390733,766255130,MSTR  271217C00500000,
C,510.0,2027-12-17T16:00:00-05:00,2.1498858447488582,61.78006158643693,766255185,MSTR  271217C00510000,
C,520.0,2027-12-17T16:00:00-05:00,2.1498858447488582,60.30549184211644,766255213,MSTR  271217C00520000,
C,530.0,2027-12-17T16:00:00-05:00,2.1498858447488582,59.05163648401042,766255235,MSTR  271217C00530000,
C,540.0,2027-12-17T16:00:00-05:00,2.1498858447488582,57.80619496550763,766255256,MSTR  271217C00540000,
C,550.0,2027-12-17T16:00:00-05:00,2.1498858447488582,56.568944741269576,766255285,MSTR  271217C00550000,
C,560.0,2027-12-17T16:00:00-05:00,2.1498858447488582,55.33967126803068,766255358,MSTR  271217C00560000,
C,570.0,2027-12-17T16:00:00-05:00,2.1498858447488582,54.006853090881606,766255380,MSTR  271217C00570000,
C,580.0,2027-12-17T16:00:00-05:00,2.1498858447488582,52.90423349397402,766255411,MSTR  271217C00580000,
C,590.0,2027-12-17T16:00:00-05:00,2.1498858447488582,51.636187890796535,771369237,MSTR  271217C00590000,
C,600.0,2027-12-17T16:00:00-05:00,2.1498858447488582,50.68512568551382,771369251,MSTR  271217C00600000,
C,610.0,2027-12-17T16:00:00-05:00,2.1498858447488582,49.89045840183496,771369254,MSTR  271217C00610000,
C,620.0,2027-12-17T16:00:00-05:00,2.1498858447488582,48.93700614787087,771369257,MSTR  271217C00620000,
C,630.0,2027-12-17T16:00:00-05:00,2.1498858447488582,47.98951296000685,771369260,MSTR  271217C00630000,
C,640.0,2027-12-17T16:00:00-05:00,2.1498858447488582,47.04782386522105,771369271,MSTR  271217C00640000,
C,650.0,2027-12-17T16:00:00-05:00,2.1498858447488582,46.111788778836704,771369277,MSTR  271217C00650000,
C,660.0,2027-12-17T16:00:00-05:00,2.1498858447488582,45.181262275446805,771369280,MSTR  271217C00660000,
C,670.0,2027-12-17T16:00:00-05:00,2.1498858447488582,44.38382432088148,771369285,MSTR  271217C00670000,
C,680.0,2027-12-17T16:00:00-05:00,2.1498858447488582,43.65759722663641,779346338,MSTR  271217C00680000,
C,690.0,2027-12-17T16:00:00-05:00,2.1498858447488582,42.935835806259576,779346358,MSTR  271217C00690000,
C,700.0,2027-12-17T16:00:00-05:00,2.1498858447488582,42.21842176853498,781030033,MSTR  271217C00700000,
C,710.0,2027-12-17T16:00:00-05:00,2.1498858447488582,41.50524038371652,781030056,MSTR  271217C00710000,
C,720.0,2027-12-17T16:00:00-05:00,2.1498858447488582,40.79618033240443,781030076,MSTR  271217C00720000,
C,730.0,2027-12-17T16:00:00-05:00,2.1498858447488582,40.091133538157656,781030106,MSTR  271217C00730000,
C,740.0,2027-12-17T16:00:00-05:00,2.1498858447488582,39.389995039587546,781030124,MSTR  271217C00740000,
C,750.0,2027-12-17T16:00:00-05:00,2.1498858447488582,38.69266284903129,781030156,MSTR  271217C00750000,
C,760.0,2027-12-17T16:00:00-05:00,2.1498858447488582,38.0558866062396,781030187,MSTR  271217C00760000,
C,770.0,2027-12-17T16:00:00-05:00,2.1498858447488582,37.52258448145139,781734322,MSTR  271217C00770000,
C,780.0,2027-12-17T16:00:00-05:00,2.1498858447488582,36.99228889208938,781734370,MSTR  271217C00780000,
C,790.0,2027-12-17T16:00:00-05:00,2.1498858447488582,36.464918238565325,781734415,MSTR  271217C00790000,
C,800.0,2027-12-17T16:00:00-05:00,2.1498858447488582,35.822536535781246,783287349,MSTR  271217C00800000,
C,250.0,2028-01-21T16:00:00-05:00,2.2457762557077627,128.73018891144272,816242709,MSTR  280121C00250000,
C,260.0,2028-01-21T16:00:00-05:00,2.2457762557077627,124.7858970748622,816242769,MSTR  280121C00260000,
C,270.0,2028-01-21T16:00:00-05:00,2.2457762557077627,121.10079884641388,816242825,MSTR  280121C00270000,
C,280.0,2028-01-21T16:00:00-05:00,2.2457762557077627,117.37372037041573,816242879,MSTR  280121C00280000,
C,290.0,2028-01-21T16:00:00-05:00,2.2457762557077627,113.83106399201166,816242927,MSTR  280121C00290000,
C,300.0,2028-01-21T16:00:00-05:00,2.2457762557077627,110.57752678761057,816242971,MSTR  280121C00300000,
C,310.0,2028-01-21T16:00:00-05:00,2.2457762557077627,107.34646915184938,816243009,MSTR  280121C00310000,
C,320.0,2028-01-21T16:00:00-05:00,2.2457762557077627,104.1368857679475,816243063,MSTR  280121C00320000,
C,330.0,2028-01-21T16:00:00-05:00,2.2457762557077627,101.2619528363941,816243119,MSTR  280121C00330000,
C,340.0,2028-01-21T16:00:00-05:00,2.2457762557077627,98.49941525616232,816243169,MSTR  280121C00340000,
C,350.0,2028-01-21T16:00:00-05:00,2.2457762557077627,95.75571102743012,816243224,MSTR  280121C00350000,
C,360.0,2028-01-21T16:00:00-05:00,2.2457762557077627,93.0299891913026,816243277,MSTR  280121C00360000,
C,370.0,2028-01-21T16:00:00-05:00,2.2457762557077627,90.54486238783286,816243323,MSTR  280121C00370000,
C,380.0,2028-01-21T16:00:00-05:00,2.2457762557077627,88.23207389591173,816243383,MSTR  280121C00380000,
C,390.0,2028-01-21T16:00:00-05:00,2.2457762557077627,85.93463263345559,816243432,MSTR  280121C00390000,
C,400.0,2028-01-21T16:00:00-05:00,2.2457762557077627,83.65181018982804,816243481,MSTR  280121C00400000,
C,410.0,2028-01-21T16:00:00-05:00,2.2457762557077627,81.49108585984156,816243529,MSTR  280121C00410000,
C,420.0,2028-01-21T16:00:00-05:00,2.2457762557077627,79.5566949061996,816243578,MSTR  280121C00420000,
C,430.0,2028-01-21T16:00:00-05:00,2.2457762557077627,77.6570034958475,816243629,MSTR  280121C00430000,
C,440.0,2028-01-21T16:00:00-05:00,2.2457762557077627,75.7685926425422,816243679,MSTR  280121C00440000,
C,450.0,2028-01-21T16:00:00-05:00,2.2457762557077627,73.89088196978086,816243746,MSTR  280121C00450000,
C,460.0,2028-01-21T16:00:00-05:00,2.2457762557077627,72.02331740621352,816243811,MSTR  280121C00460000,
C,470.0,2028-01-21T16:00:00-05:00,2.2457762557077627,70.34646407708021,816243862,MSTR  280121C00470000,
C,480.0,2028-01-21T16:00:00-05:00,2.2457762557077627,68.80678246325263,816243913,MSTR  280121C00480000,
C,490.0,2028-01-21T16:00:00-05:00,2.2457762557077627,67.27517864530145,816243962,MSTR  280121C00490000,
C,500.0,2028-01-21T16:00:00-05:00,2.2457762557077627,65.63989006351592,816244012,MSTR  280121C00500000,
C,510.0,2028-01-21T16:00:00-05:00,2.2457762557077627,64.23442585856289,816244066,MSTR  280121C00510000,
C,520.0,2028-01-21T16:00:00-05:00,2.2457762557077627,62.7244350023085,816244114,MSTR  280121C00520000,
C,530.0,2028-01-21T16:00:00-05:00,2.2457762557077627,61.36430821561781,816244168,MSTR  280121C00530000,
C,540.0,2028-01-21T16:00:00-05:00,2.2457762557077627,60.137114538224765,816244219,MSTR  280121C00540000,
C,550.0,2028-01-21T16:00:00-05:00,2.2457762557077627,58.91508883190181,816244271,MSTR  280121C00550000,
C,560.0,2028-01-21T16:00:00-05:00,2.2457762557077627,57.69790229940716,816244324,MSTR  280121C00560000,
C,570.0,2028-01-21T16:00:00-05:00,2.2457762557077627,56.48523936093986,816244382,MSTR  280121C00570000,
C,580.0,2028-01-21T16:00:00-05:00,2.2457762557077627,55.27679681954786,816244432,MSTR  280121C00580000,
C,590.0,2028-01-21T16:00:00-05:00,2.2457762557077627,54.072283113484296,816244483,MSTR  280121C00590000,
C,600.0,2028-01-21T16:00:00-05:00,2.2457762557077627,53.00521118314896,816244528,MSTR  280121C00600000,
C,610.0,2028-01-21T16:00:00-05:00,2.2457762557077627,52.03970371737182,816244572,MSTR  280121C00610000,
C,620.0,2028-01-21T16:00:00-05:00,2.2457762557077627,51.0769703386396,816244622,MSTR  280121C00620000,
C,630.0,2028-01-21T16:00:00-05:00,2.2457762557077627,50.11678092703677,816244682,MSTR  280121C00630000,
C,640.0,2028-01-21T16:00:00-05:00,2.2457762557077627,49.15891389252039,816244723,MSTR  280121C00640000,
C,650.0,2028-01-21T16:00:00-05:00,2.2457762557077627,48.20315579530958,816244782,MSTR  280121C00650000,
C,660.0,2028-01-21T16:00:00-05:00,2.2457762557077627,47.17942584459401,816244828,MSTR  280121C00660000,
C,670.0,2028-01-21T16:00:00-05:00,2.2457762557077627,46.29715116517189,816244890,MSTR  280121C00670000,
C,680.0,2028-01-21T16:00:00-05:00,2.2457762557077627,45.45507828707868,816244945,MSTR  280121C00680000,
C,690.0,2028-01-21T16:00:00-05:00,2.2457762557077627,44.7015897501127,816244988,MSTR  280121C00690000,
C,700.0,2028-01-21T16:00:00-05:00,2.2457762557077627,43.92601118503564,816245029,MSTR  280121C00700000,
